/* SPDX-License-Identifier: (LGPL-2.1 OR BSD-2-Clause) */

/* THIS FILE IS AUTOGENERATED BY BPFTOOL! */
#ifndef __FILE_MONITOR_BPF_SKEL_H__
#define __FILE_MONITOR_BPF_SKEL_H__

#include <errno.h>
#include <stdlib.h>
#include <bpf/libbpf.h>

struct file_monitor_bpf {
	struct bpf_object_skeleton *skeleton;
	struct bpf_object *obj;
	struct {
		struct bpf_map *events;
		struct bpf_map *inode_cache;
		struct bpf_map *data_array;
		struct bpf_map *rodata;
		struct bpf_map *rodata_str1_1;
	} maps;
	struct {
		struct bpf_program *file_open;
		struct bpf_program *file_permission;
		struct bpf_program *inode_create;
		struct bpf_program *inode_link;
		struct bpf_program *inode_unlink;
		struct bpf_program *inode_symlink;
		struct bpf_program *inode_mkdir;
		struct bpf_program *inode_rmdir;
		struct bpf_program *inode_mknod;
		struct bpf_program *inode_rename;
	} progs;
	struct {
		struct bpf_link *file_open;
		struct bpf_link *file_permission;
		struct bpf_link *inode_create;
		struct bpf_link *inode_link;
		struct bpf_link *inode_unlink;
		struct bpf_link *inode_symlink;
		struct bpf_link *inode_mkdir;
		struct bpf_link *inode_rmdir;
		struct bpf_link *inode_mknod;
		struct bpf_link *inode_rename;
	} links;
	struct file_monitor_bpf__rodata {
		__u64 target_inode;
	} *rodata;

#ifdef __cplusplus
	static inline struct file_monitor_bpf *open(const struct bpf_object_open_opts *opts = nullptr);
	static inline struct file_monitor_bpf *open_and_load();
	static inline int load(struct file_monitor_bpf *skel);
	static inline int attach(struct file_monitor_bpf *skel);
	static inline void detach(struct file_monitor_bpf *skel);
	static inline void destroy(struct file_monitor_bpf *skel);
	static inline const void *elf_bytes(size_t *sz);
#endif /* __cplusplus */
};

static void
file_monitor_bpf__destroy(struct file_monitor_bpf *obj)
{
	if (!obj)
		return;
	if (obj->skeleton)
		bpf_object__destroy_skeleton(obj->skeleton);
	free(obj);
}

static inline int
file_monitor_bpf__create_skeleton(struct file_monitor_bpf *obj);

static inline struct file_monitor_bpf *
file_monitor_bpf__open_opts(const struct bpf_object_open_opts *opts)
{
	struct file_monitor_bpf *obj;
	int err;

	obj = (struct file_monitor_bpf *)calloc(1, sizeof(*obj));
	if (!obj) {
		errno = ENOMEM;
		return NULL;
	}

	err = file_monitor_bpf__create_skeleton(obj);
	if (err)
		goto err_out;

	err = bpf_object__open_skeleton(obj->skeleton, opts);
	if (err)
		goto err_out;

	return obj;
err_out:
	file_monitor_bpf__destroy(obj);
	errno = -err;
	return NULL;
}

static inline struct file_monitor_bpf *
file_monitor_bpf__open(void)
{
	return file_monitor_bpf__open_opts(NULL);
}

static inline int
file_monitor_bpf__load(struct file_monitor_bpf *obj)
{
	return bpf_object__load_skeleton(obj->skeleton);
}

static inline struct file_monitor_bpf *
file_monitor_bpf__open_and_load(void)
{
	struct file_monitor_bpf *obj;
	int err;

	obj = file_monitor_bpf__open();
	if (!obj)
		return NULL;
	err = file_monitor_bpf__load(obj);
	if (err) {
		file_monitor_bpf__destroy(obj);
		errno = -err;
		return NULL;
	}
	return obj;
}

static inline int
file_monitor_bpf__attach(struct file_monitor_bpf *obj)
{
	return bpf_object__attach_skeleton(obj->skeleton);
}

static inline void
file_monitor_bpf__detach(struct file_monitor_bpf *obj)
{
	bpf_object__detach_skeleton(obj->skeleton);
}

static inline const void *file_monitor_bpf__elf_bytes(size_t *sz);

static inline int
file_monitor_bpf__create_skeleton(struct file_monitor_bpf *obj)
{
	struct bpf_object_skeleton *s;
	int err;

	s = (struct bpf_object_skeleton *)calloc(1, sizeof(*s));
	if (!s)	{
		err = -ENOMEM;
		goto err;
	}

	s->sz = sizeof(*s);
	s->name = "file_monitor_bpf";
	s->obj = &obj->obj;

	/* maps */
	s->map_cnt = 5;
	s->map_skel_sz = sizeof(*s->maps);
	s->maps = (struct bpf_map_skeleton *)calloc(s->map_cnt, s->map_skel_sz);
	if (!s->maps) {
		err = -ENOMEM;
		goto err;
	}

	s->maps[0].name = "events";
	s->maps[0].map = &obj->maps.events;

	s->maps[1].name = "inode_cache";
	s->maps[1].map = &obj->maps.inode_cache;

	s->maps[2].name = "data_array";
	s->maps[2].map = &obj->maps.data_array;

	s->maps[3].name = "file_mon.rodata";
	s->maps[3].map = &obj->maps.rodata;
	s->maps[3].mmaped = (void **)&obj->rodata;

	s->maps[4].name = ".rodata.str1.1";
	s->maps[4].map = &obj->maps.rodata_str1_1;

	/* programs */
	s->prog_cnt = 10;
	s->prog_skel_sz = sizeof(*s->progs);
	s->progs = (struct bpf_prog_skeleton *)calloc(s->prog_cnt, s->prog_skel_sz);
	if (!s->progs) {
		err = -ENOMEM;
		goto err;
	}

	s->progs[0].name = "file_open";
	s->progs[0].prog = &obj->progs.file_open;
	s->progs[0].link = &obj->links.file_open;

	s->progs[1].name = "file_permission";
	s->progs[1].prog = &obj->progs.file_permission;
	s->progs[1].link = &obj->links.file_permission;

	s->progs[2].name = "inode_create";
	s->progs[2].prog = &obj->progs.inode_create;
	s->progs[2].link = &obj->links.inode_create;

	s->progs[3].name = "inode_link";
	s->progs[3].prog = &obj->progs.inode_link;
	s->progs[3].link = &obj->links.inode_link;

	s->progs[4].name = "inode_unlink";
	s->progs[4].prog = &obj->progs.inode_unlink;
	s->progs[4].link = &obj->links.inode_unlink;

	s->progs[5].name = "inode_symlink";
	s->progs[5].prog = &obj->progs.inode_symlink;
	s->progs[5].link = &obj->links.inode_symlink;

	s->progs[6].name = "inode_mkdir";
	s->progs[6].prog = &obj->progs.inode_mkdir;
	s->progs[6].link = &obj->links.inode_mkdir;

	s->progs[7].name = "inode_rmdir";
	s->progs[7].prog = &obj->progs.inode_rmdir;
	s->progs[7].link = &obj->links.inode_rmdir;

	s->progs[8].name = "inode_mknod";
	s->progs[8].prog = &obj->progs.inode_mknod;
	s->progs[8].link = &obj->links.inode_mknod;

	s->progs[9].name = "inode_rename";
	s->progs[9].prog = &obj->progs.inode_rename;
	s->progs[9].link = &obj->links.inode_rename;

	s->data = file_monitor_bpf__elf_bytes(&s->data_sz);

	obj->skeleton = s;
	return 0;
err:
	bpf_object__destroy_skeleton(s);
	return err;
}

static inline const void *file_monitor_bpf__elf_bytes(size_t *sz)
{
	static const char data[] __attribute__((__aligned__(8))) = "\
\x7f\x45\x4c\x46\x02\x01\x01\0\0\0\0\0\0\0\0\0\x01\0\xf7\0\x01\0\0\0\0\0\0\0\0\
\0\0\0\0\0\0\0\0\0\0\0\xb0\xa5\0\0\0\0\0\0\0\0\0\0\x40\0\0\0\0\0\x40\0\x1d\0\
\x01\0\0\x2e\x73\x74\x72\x74\x61\x62\0\x2e\x73\x79\x6d\x74\x61\x62\0\x6c\x73\
\x6d\x2f\x66\x69\x6c\x65\x5f\x6f\x70\x65\x6e\0\x6c\x73\x6d\x2f\x66\x69\x6c\x65\
\x5f\x70\x65\x72\x6d\x69\x73\x73\x69\x6f\x6e\0\x6c\x73\x6d\x2f\x69\x6e\x6f\x64\
\x65\x5f\x63\x72\x65\x61\x74\x65\0\x6c\x73\x6d\x2f\x69\x6e\x6f\x64\x65\x5f\x6c\
\x69\x6e\x6b\0\x6c\x73\x6d\x2f\x69\x6e\x6f\x64\x65\x5f\x75\x6e\x6c\x69\x6e\x6b\
\0\x6c\x73\x6d\x2f\x69\x6e\x6f\x64\x65\x5f\x73\x79\x6d\x6c\x69\x6e\x6b\0\x6c\
\x73\x6d\x2f\x69\x6e\x6f\x64\x65\x5f\x6d\x6b\x64\x69\x72\0\x6c\x73\x6d\x2f\x69\
\x6e\x6f\x64\x65\x5f\x72\x6d\x64\x69\x72\0\x6c\x73\x6d\x2f\x69\x6e\x6f\x64\x65\
\x5f\x6d\x6b\x6e\x6f\x64\0\x6c\x73\x6d\x2f\x69\x6e\x6f\x64\x65\x5f\x72\x65\x6e\
\x61\x6d\x65\0\x2e\x72\x6f\x64\x61\x74\x61\0\x6c\x69\x63\x65\x6e\x73\x65\0\x2e\
\x6d\x61\x70\x73\0\x2e\x72\x6f\x64\x61\x74\x61\x2e\x73\x74\x72\x31\x2e\x31\0\
\x66\x69\x6c\x65\x5f\x6d\x6f\x6e\x69\x74\x6f\x72\x2e\x62\x70\x66\x2e\x63\0\x4c\
\x42\x42\x30\x5f\x36\0\x4c\x42\x42\x30\x5f\x35\0\x4c\x42\x42\x31\x5f\x38\0\x4c\
\x42\x42\x31\x5f\x34\0\x4c\x42\x42\x31\x5f\x36\0\x4c\x42\x42\x32\x5f\x33\0\x4c\
\x42\x42\x33\x5f\x33\0\x4c\x42\x42\x34\x5f\x33\0\x4c\x42\x42\x35\x5f\x33\0\x4c\
\x42\x42\x36\x5f\x33\0\x4c\x42\x42\x37\x5f\x33\0\x4c\x42\x42\x38\x5f\x33\0\x4c\
\x42\x42\x39\x5f\x32\0\x4c\x42\x42\x39\x5f\x34\0\x66\x69\x6c\x65\x5f\x6f\x70\
\x65\x6e\0\x74\x61\x72\x67\x65\x74\x5f\x69\x6e\x6f\x64\x65\0\x64\x61\x74\x61\
\x5f\x61\x72\x72\x61\x79\0\x69\x6e\x6f\x64\x65\x5f\x63\x61\x63\x68\x65\0\x65\
\x76\x65\x6e\x74\x73\0\x66\x69\x6c\x65\x5f\x70\x65\x72\x6d\x69\x73\x73\x69\x6f\
\x6e\0\x69\x6e\x6f\x64\x65\x5f\x63\x72\x65\x61\x74\x65\0\x69\x6e\x6f\x64\x65\
\x5f\x6c\x69\x6e\x6b\0\x69\x6e\x6f\x64\x65\x5f\x75\x6e\x6c\x69\x6e\x6b\0\x69\
\x6e\x6f\x64\x65\x5f\x73\x79\x6d\x6c\x69\x6e\x6b\0\x69\x6e\x6f\x64\x65\x5f\x6d\
\x6b\x64\x69\x72\0\x69\x6e\x6f\x64\x65\x5f\x72\x6d\x64\x69\x72\0\x69\x6e\x6f\
\x64\x65\x5f\x6d\x6b\x6e\x6f\x64\0\x69\x6e\x6f\x64\x65\x5f\x72\x65\x6e\x61\x6d\
\x65\0\x4c\x49\x43\x45\x4e\x53\x45\0\x2e\x72\x65\x6c\x6c\x73\x6d\x2f\x66\x69\
\x6c\x65\x5f\x6f\x70\x65\x6e\0\x2e\x72\x65\x6c\x6c\x73\x6d\x2f\x66\x69\x6c\x65\
\x5f\x70\x65\x72\x6d\x69\x73\x73\x69\x6f\x6e\0\x2e\x72\x65\x6c\x6c\x73\x6d\x2f\
\x69\x6e\x6f\x64\x65\x5f\x63\x72\x65\x61\x74\x65\0\x2e\x72\x65\x6c\x6c\x73\x6d\
\x2f\x69\x6e\x6f\x64\x65\x5f\x6c\x69\x6e\x6b\0\x2e\x72\x65\x6c\x6c\x73\x6d\x2f\
\x69\x6e\x6f\x64\x65\x5f\x75\x6e\x6c\x69\x6e\x6b\0\x2e\x72\x65\x6c\x6c\x73\x6d\
\x2f\x69\x6e\x6f\x64\x65\x5f\x73\x79\x6d\x6c\x69\x6e\x6b\0\x2e\x72\x65\x6c\x6c\
\x73\x6d\x2f\x69\x6e\x6f\x64\x65\x5f\x6d\x6b\x64\x69\x72\0\x2e\x72\x65\x6c\x6c\
\x73\x6d\x2f\x69\x6e\x6f\x64\x65\x5f\x72\x6d\x64\x69\x72\0\x2e\x72\x65\x6c\x6c\
\x73\x6d\x2f\x69\x6e\x6f\x64\x65\x5f\x6d\x6b\x6e\x6f\x64\0\x2e\x72\x65\x6c\x6c\
\x73\x6d\x2f\x69\x6e\x6f\x64\x65\x5f\x72\x65\x6e\x61\x6d\x65\0\x2e\x42\x54\x46\
\0\x2e\x42\x54\x46\x2e\x65\x78\x74\0\0\0\0\0\0\0\0\0\0\0\0\0\0\0\0\0\0\0\0\0\0\
\0\0\0\0\0\xdc\0\0\0\x04\0\xf1\xff\0\0\0\0\0\0\0\0\0\0\0\0\0\0\0\0\0\0\0\0\x03\
\0\x03\0\0\0\0\0\0\0\0\0\0\0\0\0\0\0\0\0\xef\0\0\0\0\0\x03\0\x90\x05\0\0\0\0\0\
\0\0\0\0\0\0\0\0\0\xf6\0\0\0\0\0\x03\0\x40\x04\0\0\0\0\0\0\0\0\0\0\0\0\0\0\0\0\
\0\0\x03\0\x04\0\0\0\0\0\0\0\0\0\0\0\0\0\0\0\0\0\xfd\0\0\0\0\0\x04\0\xb8\x08\0\
\0\0\0\0\0\0\0\0\0\0\0\0\0\x04\x01\0\0\0\0\x04\0\xe0\x05\0\0\0\0\0\0\0\0\0\0\0\
\0\0\0\x0b\x01\0\0\0\0\x04\0\x50\x07\0\0\0\0\0\0\0\0\0\0\0\0\0\0\0\0\0\0\x03\0\
\x05\0\0\0\0\0\0\0\0\0\0\0\0\0\0\0\0\0\x12\x01\0\0\0\0\x05\0\xa0\x04\0\0\0\0\0\
\0\0\0\0\0\0\0\0\0\0\0\0\0\x03\0\x06\0\0\0\0\0\0\0\0\0\0\0\0\0\0\0\0\0\x19\x01\
\0\0\0\0\x06\0\x98\x04\0\0\0\0\0\0\0\0\0\0\0\0\0\0\0\0\0\0\x03\0\x07\0\0\0\0\0\
\0\0\0\0\0\0\0\0\0\0\0\0\x20\x01\0\0\0\0\x07\0\xa0\x04\0\0\0\0\0\0\0\0\0\0\0\0\
\0\0\0\0\0\0\x03\0\x08\0\0\0\0\0\0\0\0\0\0\0\0\0\0\0\0\0\x27\x01\0\0\0\0\x08\0\
\xb0\x04\0\0\0\0\0\0\0\0\0\0\0\0\0\0\0\0\0\0\x03\0\x09\0\0\0\0\0\0\0\0\0\0\0\0\
\0\0\0\0\0\x2e\x01\0\0\0\0\x09\0\xa0\x04\0\0\0\0\0\0\0\0\0\0\0\0\0\0\0\0\0\0\
\x03\0\x0a\0\0\0\0\0\0\0\0\0\0\0\0\0\0\0\0\0\x35\x01\0\0\0\0\x0a\0\x98\x04\0\0\
\0\0\0\0\0\0\0\0\0\0\0\0\0\0\0\0\x03\0\x0b\0\0\0\0\0\0\0\0\0\0\0\0\0\0\0\0\0\
\x3c\x01\0\0\0\0\x0b\0\xa0\x04\0\0\0\0\0\0\0\0\0\0\0\0\0\0\0\0\0\0\x03\0\x0c\0\
\0\0\0\0\0\0\0\0\0\0\0\0\0\0\0\0\x43\x01\0\0\0\0\x0c\0\xd8\0\0\0\0\0\0\0\0\0\0\
\0\0\0\0\0\x4a\x01\0\0\0\0\x0c\0\x60\x05\0\0\0\0\0\0\0\0\0\0\0\0\0\0\0\0\0\0\
\x03\0\x10\0\0\0\0\0\0\0\0\0\0\0\0\0\0\0\0\0\x51\x01\0\0\x12\0\x03\0\0\0\0\0\0\
\0\0\0\xa0\x05\0\0\0\0\0\0\x5b\x01\0\0\x11\0\x0d\0\0\0\0\0\0\0\0\0\x08\0\0\0\0\
\0\0\0\x68\x01\0\0\x11\0\x0f\0\x38\0\0\0\0\0\0\0\x20\0\0\0\0\0\0\0\x73\x01\0\0\
\x11\0\x0f\0\x18\0\0\0\0\0\0\0\x20\0\0\0\0\0\0\0\x7f\x01\0\0\x11\0\x0f\0\0\0\0\
\0\0\0\0\0\x18\0\0\0\0\0\0\0\x86\x01\0\0\x12\0\x04\0\0\0\0\0\0\0\0\0\xc8\x08\0\
\0\0\0\0\0\x96\x01\0\0\x12\0\x05\0\0\0\0\0\0\0\0\0\xb0\x04\0\0\0\0\0\0\xa3\x01\
\0\0\x12\0\x06\0\0\0\0\0\0\0\0\0\xa8\x04\0\0\0\0\0\0\xae\x01\0\0\x12\0\x07\0\0\
\0\0\0\0\0\0\0\xb0\x04\0\0\0\0\0\0\xbb\x01\0\0\x12\0\x08\0\0\0\0\0\0\0\0\0\xc0\
\x04\0\0\0\0\0\0\xc9\x01\0\0\x12\0\x09\0\0\0\0\0\0\0\0\0\xb0\x04\0\0\0\0\0\0\
\xd5\x01\0\0\x12\0\x0a\0\0\0\0\0\0\0\0\0\xa8\x04\0\0\0\0\0\0\xe1\x01\0\0\x12\0\
\x0b\0\0\0\0\0\0\0\0\0\xb0\x04\0\0\0\0\0\0\xed\x01\0\0\x12\0\x0c\0\0\0\0\0\0\0\
\0\0\x70\x05\0\0\0\0\0\0\xfa\x01\0\0\x11\0\x0e\0\0\0\0\0\0\0\0\0\x04\0\0\0\0\0\
\0\0\xbf\x17\0\0\0\0\0\0\x79\x79\0\0\0\0\0\0\x79\x91\x18\0\0\0\0\0\x79\x13\x50\
\0\0\0\0\0\xb7\x01\0\0\x68\0\0\0\x0f\x13\0\0\0\0\0\0\xbf\xa1\0\0\0\0\0\0\x07\
\x01\0\0\xf8\xff\xff\xff\xb7\x02\0\0\x08\0\0\0\x85\0\0\0\x71\0\0\0\xb7\x01\0\0\
\x40\0\0\0\x79\xa3\xf8\xff\0\0\0\0\x0f\x13\0\0\0\0\0\0\xbf\xa1\0\0\0\0\0\0\x07\
\x01\0\0\xf8\xff\xff\xff\xb7\x02\0\0\x08\0\0\0\x85\0\0\0\x71\0\0\0\x79\xa1\xf8\
\xff\0\0\0\0\x18\x02\0\0\0\0\0\0\0\0\0\0\0\0\0\0\x79\x22\0\0\0\0\0\0\x5d\x21\
\x9c\0\0\0\0\0\xb7\x06\0\0\0\0\0\0\x63\x6a\xf4\xff\0\0\0\0\xbf\xa2\0\0\0\0\0\0\
\x07\x02\0\0\xf4\xff\xff\xff\x18\x01\0\0\0\0\0\0\0\0\0\0\0\0\0\0\x85\0\0\0\x01\
\0\0\0\xbf\x08\0\0\0\0\0\0\x15\x08\x93\0\0\0\0\0\x7b\x7a\xe0\xff\0\0\0\0\xbf\
\x87\0\0\0\0\0\0\x7b\x67\x30\x02\0\0\0\0\x7b\x67\x28\x02\0\0\0\0\x7b\x67\x20\
\x02\0\0\0\0\x7b\x67\x18\x02\0\0\0\0\x7b\x67\x10\x02\0\0\0\0\x7b\x67\x08\x02\0\
\0\0\0\x7b\x67\0\x02\0\0\0\0\x7b\x67\xf8\x01\0\0\0\0\x7b\x67\xf0\x01\0\0\0\0\
\x7b\x67\xe8\x01\0\0\0\0\x7b\x67\xe0\x01\0\0\0\0\x7b\x67\xd8\x01\0\0\0\0\x7b\
\x67\xd0\x01\0\0\0\0\x7b\x67\xc8\x01\0\0\0\0\x7b\x67\xc0\x01\0\0\0\0\x7b\x67\
\xb8\x01\0\0\0\0\x7b\x67\xb0\x01\0\0\0\0\x7b\x67\xa8\x01\0\0\0\0\x7b\x67\xa0\
\x01\0\0\0\0\x7b\x67\x98\x01\0\0\0\0\x7b\x67\x90\x01\0\0\0\0\x7b\x67\x88\x01\0\
\0\0\0\x7b\x67\x80\x01\0\0\0\0\x7b\x67\x78\x01\0\0\0\0\x7b\x67\x70\x01\0\0\0\0\
\x7b\x67\x68\x01\0\0\0\0\x7b\x67\x60\x01\0\0\0\0\x7b\x67\x58\x01\0\0\0\0\x7b\
\x67\x50\x01\0\0\0\0\x7b\x67\x48\x01\0\0\0\0\x7b\x67\x40\x01\0\0\0\0\x7b\x67\
\x38\x01\0\0\0\0\x7b\x67\x30\x01\0\0\0\0\x7b\x67\x28\x01\0\0\0\0\x7b\x67\x20\
\x01\0\0\0\0\x7b\x67\x18\x01\0\0\0\0\x7b\x67\x10\x01\0\0\0\0\x7b\x67\x08\x01\0\
\0\0\0\x7b\x67\0\x01\0\0\0\0\x7b\x67\xf8\0\0\0\0\0\x7b\x67\xf0\0\0\0\0\0\x7b\
\x67\xe8\0\0\0\0\0\x7b\x67\xe0\0\0\0\0\0\x7b\x67\xd8\0\0\0\0\0\x7b\x67\xd0\0\0\
\0\0\0\x7b\x67\xc8\0\0\0\0\0\x7b\x67\xc0\0\0\0\0\0\x7b\x67\xb8\0\0\0\0\0\x7b\
\x67\xb0\0\0\0\0\0\x7b\x67\xa8\0\0\0\0\0\x7b\x67\xa0\0\0\0\0\0\x7b\x67\x98\0\0\
\0\0\0\x7b\x67\x90\0\0\0\0\0\x7b\x67\x88\0\0\0\0\0\x7b\x67\x80\0\0\0\0\0\x7b\
\x67\x78\0\0\0\0\0\x7b\x67\x70\0\0\0\0\0\x7b\x67\x68\0\0\0\0\0\x7b\x67\x60\0\0\
\0\0\0\x7b\x67\x58\0\0\0\0\0\x7b\x67\x50\0\0\0\0\0\x7b\x67\x48\0\0\0\0\0\x7b\
\x67\x40\0\0\0\0\0\x7b\x67\x38\0\0\0\0\0\x7b\x67\x30\0\0\0\0\0\x7b\x67\x28\0\0\
\0\0\0\x7b\x67\x20\0\0\0\0\0\x7b\x67\x18\0\0\0\0\0\x7b\x67\x10\0\0\0\0\0\x7b\
\x67\x08\0\0\0\0\0\x7b\x67\0\0\0\0\0\0\x79\x91\x18\0\0\0\0\0\x15\x01\x1e\0\0\0\
\0\0\x79\x91\x10\0\0\0\0\0\x15\x01\x1c\0\0\0\0\0\xb7\x02\0\0\x10\0\0\0\xbf\x91\
\0\0\0\0\0\0\x0f\x21\0\0\0\0\0\0\xbf\x82\0\0\0\0\0\0\x07\x02\0\0\x28\0\0\0\xb7\
\x03\0\0\0\x01\0\0\x85\0\0\0\x93\0\0\0\xb7\x01\0\0\x20\0\0\0\x0f\x19\0\0\0\0\0\
\0\xbf\xa1\0\0\0\0\0\0\x07\x01\0\0\xe8\xff\xff\xff\xb7\x02\0\0\x08\0\0\0\xbf\
\x93\0\0\0\0\0\0\x85\0\0\0\x71\0\0\0\xb7\x01\0\0\x40\0\0\0\x79\xa3\xe8\xff\0\0\
\0\0\x0f\x13\0\0\0\0\0\0\xbf\xa9\0\0\0\0\0\0\x07\x09\0\0\xf8\xff\xff\xff\xbf\
\x91\0\0\0\0\0\0\xb7\x02\0\0\x08\0\0\0\x85\0\0\0\x71\0\0\0\x18\x01\0\0\0\0\0\0\
\0\0\0\0\0\0\0\0\xbf\x92\0\0\0\0\0\0\xbf\x73\0\0\0\0\0\0\xb7\x04\0\0\0\0\0\0\
\x85\0\0\0\x02\0\0\0\xb7\x01\0\0\0\0\0\0\x73\x17\x37\x02\0\0\0\0\x73\x17\x36\
\x02\0\0\0\0\x73\x17\x35\x02\0\0\0\0\x73\x17\x34\x02\0\0\0\0\x73\x17\x33\x02\0\
\0\0\0\x73\x17\x32\x02\0\0\0\0\x73\x17\x31\x02\0\0\0\0\x73\x17\x30\x02\0\0\0\0\
\x73\x17\x2f\x02\0\0\0\0\x73\x17\x2e\x02\0\0\0\0\x73\x17\x2d\x02\0\0\0\0\x73\
\x17\x2c\x02\0\0\0\0\xb7\x01\0\0\x6e\0\0\0\x73\x17\x2b\x02\0\0\0\0\xb7\x01\0\0\
\x65\0\0\0\x73\x17\x2a\x02\0\0\0\0\xb7\x01\0\0\x70\0\0\0\x73\x17\x29\x02\0\0\0\
\0\xb7\x01\0\0\x6f\0\0\0\x73\x17\x28\x02\0\0\0\0\x85\0\0\0\x0e\0\0\0\x77\0\0\0\
\x20\0\0\0\x63\x07\0\0\0\0\0\0\x85\0\0\0\x05\0\0\0\x7b\x07\x10\0\0\0\0\0\x85\0\
\0\0\x0f\0\0\0\x63\x07\x04\0\0\0\0\0\x77\0\0\0\x20\0\0\0\x63\x07\x08\0\0\0\0\0\
\x07\x08\0\0\x18\0\0\0\xbf\x81\0\0\0\0\0\0\xb7\x02\0\0\x10\0\0\0\x85\0\0\0\x10\
\0\0\0\x79\xa1\xe0\xff\0\0\0\0\x18\x02\0\0\0\0\0\0\0\0\0\0\0\0\0\0\x18\x03\0\0\
\xff\xff\xff\xff\0\0\0\0\0\0\0\0\xbf\x74\0\0\0\0\0\0\xb7\x05\0\0\x38\x02\0\0\
\x85\0\0\0\x19\0\0\0\xb7\0\0\0\0\0\0\0\x95\0\0\0\0\0\0\0\xbf\x16\0\0\0\0\0\0\
\x79\x68\0\0\0\0\0\0\x79\x67\x08\0\0\0\0\0\x79\x81\x18\0\0\0\0\0\x79\x13\x50\0\
\0\0\0\0\xb7\x01\0\0\x68\0\0\0\x0f\x13\0\0\0\0\0\0\xbf\xa1\0\0\0\0\0\0\x07\x01\
\0\0\xf8\xff\xff\xff\xb7\x02\0\0\x08\0\0\0\x85\0\0\0\x71\0\0\0\xb7\x01\0\0\x40\
\0\0\0\x79\xa3\xf8\xff\0\0\0\0\x0f\x13\0\0\0\0\0\0\xbf\xa1\0\0\0\0\0\0\x07\x01\
\0\0\xf8\xff\xff\xff\xb7\x02\0\0\x08\0\0\0\x85\0\0\0\x71\0\0\0\x79\xa1\xf8\xff\
\0\0\0\0\x18\x02\0\0\0\0\0\0\0\0\0\0\0\0\0\0\x79\x22\0\0\0\0\0\0\x5d\x21\0\x01\
\0\0\0\0\x7b\x7a\xe0\xff\0\0\0\0\xb7\x09\0\0\0\0\0\0\x63\x9a\xf4\xff\0\0\0\0\
\xbf\xa2\0\0\0\0\0\0\x07\x02\0\0\xf4\xff\xff\xff\x18\x01\0\0\0\0\0\0\0\0\0\0\0\
\0\0\0\x85\0\0\0\x01\0\0\0\xbf\x07\0\0\0\0\0\0\x15\x07\xf6\0\0\0\0\0\x7b\x97\
\x30\x02\0\0\0\0\x7b\x97\x28\x02\0\0\0\0\x7b\x97\x20\x02\0\0\0\0\x7b\x97\x18\
\x02\0\0\0\0\x7b\x97\x10\x02\0\0\0\0\x7b\x97\x08\x02\0\0\0\0\x7b\x97\0\x02\0\0\
\0\0\x7b\x97\xf8\x01\0\0\0\0\x7b\x97\xf0\x01\0\0\0\0\x7b\x97\xe8\x01\0\0\0\0\
\x7b\x97\xe0\x01\0\0\0\0\x7b\x97\xd8\x01\0\0\0\0\x7b\x97\xd0\x01\0\0\0\0\x7b\
\x97\xc8\x01\0\0\0\0\x7b\x97\xc0\x01\0\0\0\0\x7b\x97\xb8\x01\0\0\0\0\x7b\x97\
\xb0\x01\0\0\0\0\x7b\x97\xa8\x01\0\0\0\0\x7b\x97\xa0\x01\0\0\0\0\x7b\x97\x98\
\x01\0\0\0\0\x7b\x97\x90\x01\0\0\0\0\x7b\x97\x88\x01\0\0\0\0\x7b\x97\x80\x01\0\
\0\0\0\x7b\x97\x78\x01\0\0\0\0\x7b\x97\x70\x01\0\0\0\0\x7b\x97\x68\x01\0\0\0\0\
\x7b\x97\x60\x01\0\0\0\0\x7b\x97\x58\x01\0\0\0\0\x7b\x97\x50\x01\0\0\0\0\x7b\
\x97\x48\x01\0\0\0\0\x7b\x97\x40\x01\0\0\0\0\x7b\x97\x38\x01\0\0\0\0\x7b\x97\
\x30\x01\0\0\0\0\x7b\x97\x28\x01\0\0\0\0\x7b\x97\x20\x01\0\0\0\0\x7b\x97\x18\
\x01\0\0\0\0\x7b\x97\x10\x01\0\0\0\0\x7b\x97\x08\x01\0\0\0\0\x7b\x97\0\x01\0\0\
\0\0\x7b\x97\xf8\0\0\0\0\0\x7b\x97\xf0\0\0\0\0\0\x7b\x97\xe8\0\0\0\0\0\x7b\x97\
\xe0\0\0\0\0\0\x7b\x97\xd8\0\0\0\0\0\x7b\x97\xd0\0\0\0\0\0\x7b\x97\xc8\0\0\0\0\
\0\x7b\x97\xc0\0\0\0\0\0\x7b\x97\xb8\0\0\0\0\0\x7b\x97\xb0\0\0\0\0\0\x7b\x97\
\xa8\0\0\0\0\0\x7b\x97\xa0\0\0\0\0\0\x7b\x97\x98\0\0\0\0\0\x7b\x97\x90\0\0\0\0\
\0\x7b\x97\x88\0\0\0\0\0\x7b\x97\x80\0\0\0\0\0\x7b\x97\x78\0\0\0\0\0\x7b\x97\
\x70\0\0\0\0\0\x7b\x97\x68\0\0\0\0\0\x7b\x97\x60\0\0\0\0\0\x7b\x97\x58\0\0\0\0\
\0\x7b\x97\x50\0\0\0\0\0\x7b\x97\x48\0\0\0\0\0\x7b\x97\x40\0\0\0\0\0\x7b\x97\
\x38\0\0\0\0\0\x7b\x97\x30\0\0\0\0\0\x7b\x97\x28\0\0\0\0\0\x7b\x97\x20\0\0\0\0\
\0\x7b\x97\x18\0\0\0\0\0\x7b\x97\x10\0\0\0\0\0\x7b\x97\x08\0\0\0\0\0\x7b\x97\0\
\0\0\0\0\0\xb7\x01\0\0\x20\0\0\0\x0f\x18\0\0\0\0\0\0\xbf\xa1\0\0\0\0\0\0\x07\
\x01\0\0\xe8\xff\xff\xff\xb7\x02\0\0\x08\0\0\0\xbf\x83\0\0\0\0\0\0\x85\0\0\0\
\x71\0\0\0\xb7\x01\0\0\x40\0\0\0\x79\xa3\xe8\xff\0\0\0\0\x0f\x13\0\0\0\0\0\0\
\xbf\xa8\0\0\0\0\0\0\x07\x08\0\0\xf8\xff\xff\xff\xbf\x81\0\0\0\0\0\0\xb7\x02\0\
\0\x08\0\0\0\x85\0\0\0\x71\0\0\0\x18\x01\0\0\0\0\0\0\0\0\0\0\0\0\0\0\xbf\x82\0\
\0\0\0\0\0\x85\0\0\0\x01\0\0\0\x15\0\x40\0\0\0\0\0\x79\x01\x20\x01\0\0\0\0\x7b\
\x17\x20\x01\0\0\0\0\x79\x01\x18\x01\0\0\0\0\x7b\x17\x18\x01\0\0\0\0\x79\x01\
\x10\x01\0\0\0\0\x7b\x17\x10\x01\0\0\0\0\x79\x01\x08\x01\0\0\0\0\x7b\x17\x08\
\x01\0\0\0\0\x79\x01\0\x01\0\0\0\0\x7b\x17\0\x01\0\0\0\0\x79\x01\xf8\0\0\0\0\0\
\x7b\x17\xf8\0\0\0\0\0\x79\x01\xf0\0\0\0\0\0\x7b\x17\xf0\0\0\0\0\0\x79\x01\xe8\
\0\0\0\0\0\x7b\x17\xe8\0\0\0\0\0\x79\x01\xe0\0\0\0\0\0\x7b\x17\xe0\0\0\0\0\0\
\x79\x01\xd8\0\0\0\0\0\x7b\x17\xd8\0\0\0\0\0\x79\x01\xd0\0\0\0\0\0\x7b\x17\xd0\
\0\0\0\0\0\x79\x01\xc8\0\0\0\0\0\x7b\x17\xc8\0\0\0\0\0\x79\x01\xc0\0\0\0\0\0\
\x7b\x17\xc0\0\0\0\0\0\x79\x01\xb8\0\0\0\0\0\x7b\x17\xb8\0\0\0\0\0\x79\x01\xb0\
\0\0\0\0\0\x7b\x17\xb0\0\0\0\0\0\x79\x01\xa8\0\0\0\0\0\x7b\x17\xa8\0\0\0\0\0\
\x79\x01\xa0\0\0\0\0\0\x7b\x17\xa0\0\0\0\0\0\x79\x01\x98\0\0\0\0\0\x7b\x17\x98\
\0\0\0\0\0\x79\x01\x90\0\0\0\0\0\x7b\x17\x90\0\0\0\0\0\x79\x01\x88\0\0\0\0\0\
\x7b\x17\x88\0\0\0\0\0\x79\x01\x80\0\0\0\0\0\x7b\x17\x80\0\0\0\0\0\x79\x01\x78\
\0\0\0\0\0\x7b\x17\x78\0\0\0\0\0\x79\x01\x70\0\0\0\0\0\x7b\x17\x70\0\0\0\0\0\
\x79\x01\x68\0\0\0\0\0\x7b\x17\x68\0\0\0\0\0\x79\x01\x60\0\0\0\0\0\x7b\x17\x60\
\0\0\0\0\0\x79\x01\x58\0\0\0\0\0\x7b\x17\x58\0\0\0\0\0\x79\x01\x50\0\0\0\0\0\
\x7b\x17\x50\0\0\0\0\0\x79\x01\x48\0\0\0\0\0\x7b\x17\x48\0\0\0\0\0\x79\x01\x40\
\0\0\0\0\0\x7b\x17\x40\0\0\0\0\0\x79\x01\x38\0\0\0\0\0\x7b\x17\x38\0\0\0\0\0\
\x79\x01\x30\0\0\0\0\0\x7b\x17\x30\0\0\0\0\0\x79\x01\x28\0\0\0\0\0\x7b\x17\x28\
\0\0\0\0\0\x79\xa8\xe0\xff\0\0\0\0\xbf\x81\0\0\0\0\0\0\x57\x01\0\0\x01\0\0\0\
\x15\x01\x2a\0\0\0\0\0\xb7\x01\0\0\0\0\0\0\x73\x17\x37\x02\0\0\0\0\x73\x17\x36\
\x02\0\0\0\0\x73\x17\x35\x02\0\0\0\0\x73\x17\x34\x02\0\0\0\0\x73\x17\x33\x02\0\
\0\0\0\x73\x17\x32\x02\0\0\0\0\x73\x17\x31\x02\0\0\0\0\x73\x17\x30\x02\0\0\0\0\
\x73\x17\x2f\x02\0\0\0\0\x73\x17\x2e\x02\0\0\0\0\x73\x17\x2d\x02\0\0\0\0\x73\
\x17\x2c\x02\0\0\0\0\xb7\x01\0\0\x64\0\0\0\x73\x17\x2b\x02\0\0\0\0\xb7\x01\0\0\
\x61\0\0\0\x73\x17\x2a\x02\0\0\0\0\xb7\x01\0\0\x65\0\0\0\x73\x17\x29\x02\0\0\0\
\0\xb7\x01\0\0\x72\0\0\0\x73\x17\x28\x02\0\0\0\0\x85\0\0\0\x0e\0\0\0\x77\0\0\0\
\x20\0\0\0\x63\x07\0\0\0\0\0\0\x85\0\0\0\x05\0\0\0\x7b\x07\x10\0\0\0\0\0\x85\0\
\0\0\x0f\0\0\0\x63\x07\x04\0\0\0\0\0\x77\0\0\0\x20\0\0\0\x63\x07\x08\0\0\0\0\0\
\xbf\x71\0\0\0\0\0\0\x07\x01\0\0\x18\0\0\0\xb7\x02\0\0\x10\0\0\0\x85\0\0\0\x10\
\0\0\0\xbf\x61\0\0\0\0\0\0\x18\x02\0\0\0\0\0\0\0\0\0\0\0\0\0\0\x18\x03\0\0\xff\
\xff\xff\xff\0\0\0\0\0\0\0\0\xbf\x74\0\0\0\0\0\0\xb7\x05\0\0\x38\x02\0\0\x85\0\
\0\0\x19\0\0\0\x57\x08\0\0\x02\0\0\0\x15\x08\x2b\0\0\0\0\0\xb7\x01\0\0\0\0\0\0\
\x73\x17\x37\x02\0\0\0\0\x73\x17\x36\x02\0\0\0\0\x73\x17\x35\x02\0\0\0\0\x73\
\x17\x34\x02\0\0\0\0\x73\x17\x33\x02\0\0\0\0\x73\x17\x32\x02\0\0\0\0\x73\x17\
\x31\x02\0\0\0\0\x73\x17\x30\x02\0\0\0\0\x73\x17\x2f\x02\0\0\0\0\x73\x17\x2e\
\x02\0\0\0\0\x73\x17\x2d\x02\0\0\0\0\xb7\x01\0\0\x65\0\0\0\x73\x17\x2c\x02\0\0\
\0\0\xb7\x01\0\0\x74\0\0\0\x73\x17\x2b\x02\0\0\0\0\xb7\x01\0\0\x69\0\0\0\x73\
\x17\x2a\x02\0\0\0\0\xb7\x01\0\0\x72\0\0\0\x73\x17\x29\x02\0\0\0\0\xb7\x01\0\0\
\x77\0\0\0\x73\x17\x28\x02\0\0\0\0\x85\0\0\0\x0e\0\0\0\x77\0\0\0\x20\0\0\0\x63\
\x07\0\0\0\0\0\0\x85\0\0\0\x05\0\0\0\x7b\x07\x10\0\0\0\0\0\x85\0\0\0\x0f\0\0\0\
\x63\x07\x04\0\0\0\0\0\x77\0\0\0\x20\0\0\0\x63\x07\x08\0\0\0\0\0\xbf\x71\0\0\0\
\0\0\0\x07\x01\0\0\x18\0\0\0\xb7\x02\0\0\x10\0\0\0\x85\0\0\0\x10\0\0\0\xbf\x61\
\0\0\0\0\0\0\x18\x02\0\0\0\0\0\0\0\0\0\0\0\0\0\0\x18\x03\0\0\xff\xff\xff\xff\0\
\0\0\0\0\0\0\0\xbf\x74\0\0\0\0\0\0\xb7\x05\0\0\x38\x02\0\0\x85\0\0\0\x19\0\0\0\
\xb7\0\0\0\0\0\0\0\x95\0\0\0\0\0\0\0\xbf\x16\0\0\0\0\0\0\xb7\x01\0\0\x40\0\0\0\
\x79\x63\0\0\0\0\0\0\x0f\x13\0\0\0\0\0\0\x79\x67\x08\0\0\0\0\0\xbf\xa1\0\0\0\0\
\0\0\x07\x01\0\0\xf8\xff\xff\xff\xb7\x02\0\0\x08\0\0\0\x85\0\0\0\x71\0\0\0\x79\
\xa1\xf8\xff\0\0\0\0\x18\x02\0\0\0\0\0\0\0\0\0\0\0\0\0\0\x79\x22\0\0\0\0\0\0\
\x5d\x21\x86\0\0\0\0\0\xb7\x08\0\0\0\0\0\0\x63\x8a\xf4\xff\0\0\0\0\xbf\xa2\0\0\
\0\0\0\0\x07\x02\0\0\xf4\xff\xff\xff\x18\x01\0\0\0\0\0\0\0\0\0\0\0\0\0\0\x85\0\
\0\0\x01\0\0\0\x15\0\x7e\0\0\0\0\0\x7b\x80\x30\x02\0\0\0\0\x7b\x80\x28\x02\0\0\
\0\0\x7b\x80\x20\x02\0\0\0\0\x7b\x80\x18\x02\0\0\0\0\x7b\x80\x10\x02\0\0\0\0\
\x7b\x80\x08\x02\0\0\0\0\x7b\x80\0\x02\0\0\0\0\x7b\x80\xf8\x01\0\0\0\0\x7b\x80\
\xf0\x01\0\0\0\0\x7b\x80\xe8\x01\0\0\0\0\x7b\x80\xe0\x01\0\0\0\0\x7b\x80\xd8\
\x01\0\0\0\0\x7b\x80\xd0\x01\0\0\0\0\x7b\x80\xc8\x01\0\0\0\0\x7b\x80\xc0\x01\0\
\0\0\0\x7b\x80\xb8\x01\0\0\0\0\x7b\x80\xb0\x01\0\0\0\0\x7b\x80\xa8\x01\0\0\0\0\
\x7b\x80\xa0\x01\0\0\0\0\x7b\x80\x98\x01\0\0\0\0\x7b\x80\x90\x01\0\0\0\0\x7b\
\x80\x88\x01\0\0\0\0\x7b\x80\x80\x01\0\0\0\0\x7b\x80\x78\x01\0\0\0\0\x7b\x80\
\x70\x01\0\0\0\0\x7b\x80\x68\x01\0\0\0\0\x7b\x80\x60\x01\0\0\0\0\x7b\x80\x58\
\x01\0\0\0\0\x7b\x80\x50\x01\0\0\0\0\x7b\x80\x48\x01\0\0\0\0\x7b\x80\x40\x01\0\
\0\0\0\x7b\x80\x38\x01\0\0\0\0\x7b\x80\x30\x01\0\0\0\0\x7b\x80\x28\x01\0\0\0\0\
\x7b\x80\x20\x01\0\0\0\0\x7b\x80\x18\x01\0\0\0\0\x7b\x80\x10\x01\0\0\0\0\x7b\
\x80\x08\x01\0\0\0\0\x7b\x80\0\x01\0\0\0\0\x7b\x80\xf8\0\0\0\0\0\x7b\x80\xf0\0\
\0\0\0\0\x7b\x80\xe8\0\0\0\0\0\x7b\x80\xe0\0\0\0\0\0\x7b\x80\xd8\0\0\0\0\0\x7b\
\x80\xd0\0\0\0\0\0\x7b\x80\xc8\0\0\0\0\0\x7b\x80\xc0\0\0\0\0\0\x7b\x80\xb8\0\0\
\0\0\0\x7b\x80\xb0\0\0\0\0\0\x7b\x80\xa8\0\0\0\0\0\x7b\x80\xa0\0\0\0\0\0\x7b\
\x80\x98\0\0\0\0\0\x7b\x80\x90\0\0\0\0\0\x7b\x80\x88\0\0\0\0\0\x7b\x80\x80\0\0\
\0\0\0\x7b\x80\x78\0\0\0\0\0\x7b\x80\x70\0\0\0\0\0\x7b\x80\x68\0\0\0\0\0\x7b\
\x80\x60\0\0\0\0\0\x7b\x80\x58\0\0\0\0\0\x7b\x80\x50\0\0\0\0\0\x7b\x80\x48\0\0\
\0\0\0\x7b\x80\x40\0\0\0\0\0\x7b\x80\x38\0\0\0\0\0\x7b\x80\x30\0\0\0\0\0\x7b\
\x80\x28\0\0\0\0\0\x7b\x80\x20\0\0\0\0\0\x7b\x80\x18\0\0\0\0\0\x7b\x80\x10\0\0\
\0\0\0\x7b\x80\x08\0\0\0\0\0\x7b\x80\0\0\0\0\0\0\xb7\x01\0\0\x60\0\0\0\x0f\x17\
\0\0\0\0\0\0\xbf\xa1\0\0\0\0\0\0\x07\x01\0\0\xf8\xff\xff\xff\xb7\x02\0\0\x08\0\
\0\0\xbf\x73\0\0\0\0\0\0\xbf\x07\0\0\0\0\0\0\x85\0\0\0\x71\0\0\0\x79\xa3\xf8\
\xff\0\0\0\0\xbf\x71\0\0\0\0\0\0\x07\x01\0\0\x28\0\0\0\xb7\x02\0\0\0\x01\0\0\
\x85\0\0\0\x2d\0\0\0\xb7\x01\0\0\x74\0\0\0\x73\x17\x2c\x02\0\0\0\0\xb7\x01\0\0\
\x61\0\0\0\x73\x17\x2b\x02\0\0\0\0\xb7\x01\0\0\x65\0\0\0\x73\x17\x2d\x02\0\0\0\
\0\x73\x17\x2a\x02\0\0\0\0\xb7\x01\0\0\x72\0\0\0\x73\x17\x29\x02\0\0\0\0\xb7\
\x01\0\0\x63\0\0\0\x73\x17\x28\x02\0\0\0\0\x73\x87\x2f\x02\0\0\0\0\x73\x87\x2e\
\x02\0\0\0\0\x73\x87\x37\x02\0\0\0\0\x73\x87\x36\x02\0\0\0\0\x73\x87\x35\x02\0\
\0\0\0\x73\x87\x34\x02\0\0\0\0\x73\x87\x33\x02\0\0\0\0\x73\x87\x32\x02\0\0\0\0\
\x73\x87\x31\x02\0\0\0\0\x73\x87\x30\x02\0\0\0\0\x85\0\0\0\x0e\0\0\0\x77\0\0\0\
\x20\0\0\0\x63\x07\0\0\0\0\0\0\x85\0\0\0\x05\0\0\0\x7b\x07\x10\0\0\0\0\0\x85\0\
\0\0\x0f\0\0\0\x63\x07\x04\0\0\0\0\0\x77\0\0\0\x20\0\0\0\x63\x07\x08\0\0\0\0\0\
\xbf\x71\0\0\0\0\0\0\x07\x01\0\0\x18\0\0\0\xb7\x02\0\0\x10\0\0\0\x85\0\0\0\x10\
\0\0\0\xbf\x61\0\0\0\0\0\0\x18\x02\0\0\0\0\0\0\0\0\0\0\0\0\0\0\x18\x03\0\0\xff\
\xff\xff\xff\0\0\0\0\0\0\0\0\xbf\x74\0\0\0\0\0\0\xb7\x05\0\0\x38\x02\0\0\x85\0\
\0\0\x19\0\0\0\xb7\0\0\0\0\0\0\0\x95\0\0\0\0\0\0\0\xbf\x16\0\0\0\0\0\0\xb7\x01\
\0\0\x40\0\0\0\x79\x63\x08\0\0\0\0\0\x0f\x13\0\0\0\0\0\0\x79\x67\x10\0\0\0\0\0\
\xbf\xa1\0\0\0\0\0\0\x07\x01\0\0\xf8\xff\xff\xff\xb7\x02\0\0\x08\0\0\0\x85\0\0\
\0\x71\0\0\0\x79\xa1\xf8\xff\0\0\0\0\x18\x02\0\0\0\0\0\0\0\0\0\0\0\0\0\0\x79\
\x22\0\0\0\0\0\0\x5d\x21\x85\0\0\0\0\0\xb7\x08\0\0\0\0\0\0\x63\x8a\xf4\xff\0\0\
\0\0\xbf\xa2\0\0\0\0\0\0\x07\x02\0\0\xf4\xff\xff\xff\x18\x01\0\0\0\0\0\0\0\0\0\
\0\0\0\0\0\x85\0\0\0\x01\0\0\0\x15\0\x7d\0\0\0\0\0\x7b\x80\x30\x02\0\0\0\0\x7b\
\x80\x28\x02\0\0\0\0\x7b\x80\x20\x02\0\0\0\0\x7b\x80\x18\x02\0\0\0\0\x7b\x80\
\x10\x02\0\0\0\0\x7b\x80\x08\x02\0\0\0\0\x7b\x80\0\x02\0\0\0\0\x7b\x80\xf8\x01\
\0\0\0\0\x7b\x80\xf0\x01\0\0\0\0\x7b\x80\xe8\x01\0\0\0\0\x7b\x80\xe0\x01\0\0\0\
\0\x7b\x80\xd8\x01\0\0\0\0\x7b\x80\xd0\x01\0\0\0\0\x7b\x80\xc8\x01\0\0\0\0\x7b\
\x80\xc0\x01\0\0\0\0\x7b\x80\xb8\x01\0\0\0\0\x7b\x80\xb0\x01\0\0\0\0\x7b\x80\
\xa8\x01\0\0\0\0\x7b\x80\xa0\x01\0\0\0\0\x7b\x80\x98\x01\0\0\0\0\x7b\x80\x90\
\x01\0\0\0\0\x7b\x80\x88\x01\0\0\0\0\x7b\x80\x80\x01\0\0\0\0\x7b\x80\x78\x01\0\
\0\0\0\x7b\x80\x70\x01\0\0\0\0\x7b\x80\x68\x01\0\0\0\0\x7b\x80\x60\x01\0\0\0\0\
\x7b\x80\x58\x01\0\0\0\0\x7b\x80\x50\x01\0\0\0\0\x7b\x80\x48\x01\0\0\0\0\x7b\
\x80\x40\x01\0\0\0\0\x7b\x80\x38\x01\0\0\0\0\x7b\x80\x30\x01\0\0\0\0\x7b\x80\
\x28\x01\0\0\0\0\x7b\x80\x20\x01\0\0\0\0\x7b\x80\x18\x01\0\0\0\0\x7b\x80\x10\
\x01\0\0\0\0\x7b\x80\x08\x01\0\0\0\0\x7b\x80\0\x01\0\0\0\0\x7b\x80\xf8\0\0\0\0\
\0\x7b\x80\xf0\0\0\0\0\0\x7b\x80\xe8\0\0\0\0\0\x7b\x80\xe0\0\0\0\0\0\x7b\x80\
\xd8\0\0\0\0\0\x7b\x80\xd0\0\0\0\0\0\x7b\x80\xc8\0\0\0\0\0\x7b\x80\xc0\0\0\0\0\
\0\x7b\x80\xb8\0\0\0\0\0\x7b\x80\xb0\0\0\0\0\0\x7b\x80\xa8\0\0\0\0\0\x7b\x80\
\xa0\0\0\0\0\0\x7b\x80\x98\0\0\0\0\0\x7b\x80\x90\0\0\0\0\0\x7b\x80\x88\0\0\0\0\
\0\x7b\x80\x80\0\0\0\0\0\x7b\x80\x78\0\0\0\0\0\x7b\x80\x70\0\0\0\0\0\x7b\x80\
\x68\0\0\0\0\0\x7b\x80\x60\0\0\0\0\0\x7b\x80\x58\0\0\0\0\0\x7b\x80\x50\0\0\0\0\
\0\x7b\x80\x48\0\0\0\0\0\x7b\x80\x40\0\0\0\0\0\x7b\x80\x38\0\0\0\0\0\x7b\x80\
\x30\0\0\0\0\0\x7b\x80\x28\0\0\0\0\0\x7b\x80\x20\0\0\0\0\0\x7b\x80\x18\0\0\0\0\
\0\x7b\x80\x10\0\0\0\0\0\x7b\x80\x08\0\0\0\0\0\x7b\x80\0\0\0\0\0\0\xb7\x01\0\0\
\x60\0\0\0\x0f\x17\0\0\0\0\0\0\xbf\xa1\0\0\0\0\0\0\x07\x01\0\0\xf8\xff\xff\xff\
\xb7\x02\0\0\x08\0\0\0\xbf\x73\0\0\0\0\0\0\xbf\x07\0\0\0\0\0\0\x85\0\0\0\x71\0\
\0\0\x79\xa3\xf8\xff\0\0\0\0\xbf\x71\0\0\0\0\0\0\x07\x01\0\0\x28\0\0\0\xb7\x02\
\0\0\0\x01\0\0\x85\0\0\0\x2d\0\0\0\xb7\x01\0\0\x6b\0\0\0\x73\x17\x2b\x02\0\0\0\
\0\xb7\x01\0\0\x6e\0\0\0\x73\x17\x2a\x02\0\0\0\0\xb7\x01\0\0\x69\0\0\0\x73\x17\
\x29\x02\0\0\0\0\xb7\x01\0\0\x6c\0\0\0\x73\x17\x28\x02\0\0\0\0\x73\x87\x2f\x02\
\0\0\0\0\x73\x87\x2e\x02\0\0\0\0\x73\x87\x2d\x02\0\0\0\0\x73\x87\x2c\x02\0\0\0\
\0\x73\x87\x37\x02\0\0\0\0\x73\x87\x36\x02\0\0\0\0\x73\x87\x35\x02\0\0\0\0\x73\
\x87\x34\x02\0\0\0\0\x73\x87\x33\x02\0\0\0\0\x73\x87\x32\x02\0\0\0\0\x73\x87\
\x31\x02\0\0\0\0\x73\x87\x30\x02\0\0\0\0\x85\0\0\0\x0e\0\0\0\x77\0\0\0\x20\0\0\
\0\x63\x07\0\0\0\0\0\0\x85\0\0\0\x05\0\0\0\x7b\x07\x10\0\0\0\0\0\x85\0\0\0\x0f\
\0\0\0\x63\x07\x04\0\0\0\0\0\x77\0\0\0\x20\0\0\0\x63\x07\x08\0\0\0\0\0\xbf\x71\
\0\0\0\0\0\0\x07\x01\0\0\x18\0\0\0\xb7\x02\0\0\x10\0\0\0\x85\0\0\0\x10\0\0\0\
\xbf\x61\0\0\0\0\0\0\x18\x02\0\0\0\0\0\0\0\0\0\0\0\0\0\0\x18\x03\0\0\xff\xff\
\xff\xff\0\0\0\0\0\0\0\0\xbf\x74\0\0\0\0\0\0\xb7\x05\0\0\x38\x02\0\0\x85\0\0\0\
\x19\0\0\0\xb7\0\0\0\0\0\0\0\x95\0\0\0\0\0\0\0\xbf\x16\0\0\0\0\0\0\xb7\x01\0\0\
\x40\0\0\0\x79\x63\0\0\0\0\0\0\x0f\x13\0\0\0\0\0\0\x79\x67\x08\0\0\0\0\0\xbf\
\xa1\0\0\0\0\0\0\x07\x01\0\0\xf8\xff\xff\xff\xb7\x02\0\0\x08\0\0\0\x85\0\0\0\
\x71\0\0\0\x79\xa1\xf8\xff\0\0\0\0\x18\x02\0\0\0\0\0\0\0\0\0\0\0\0\0\0\x79\x22\
\0\0\0\0\0\0\x5d\x21\x86\0\0\0\0\0\xb7\x08\0\0\0\0\0\0\x63\x8a\xf4\xff\0\0\0\0\
\xbf\xa2\0\0\0\0\0\0\x07\x02\0\0\xf4\xff\xff\xff\x18\x01\0\0\0\0\0\0\0\0\0\0\0\
\0\0\0\x85\0\0\0\x01\0\0\0\x15\0\x7e\0\0\0\0\0\x7b\x80\x30\x02\0\0\0\0\x7b\x80\
\x28\x02\0\0\0\0\x7b\x80\x20\x02\0\0\0\0\x7b\x80\x18\x02\0\0\0\0\x7b\x80\x10\
\x02\0\0\0\0\x7b\x80\x08\x02\0\0\0\0\x7b\x80\0\x02\0\0\0\0\x7b\x80\xf8\x01\0\0\
\0\0\x7b\x80\xf0\x01\0\0\0\0\x7b\x80\xe8\x01\0\0\0\0\x7b\x80\xe0\x01\0\0\0\0\
\x7b\x80\xd8\x01\0\0\0\0\x7b\x80\xd0\x01\0\0\0\0\x7b\x80\xc8\x01\0\0\0\0\x7b\
\x80\xc0\x01\0\0\0\0\x7b\x80\xb8\x01\0\0\0\0\x7b\x80\xb0\x01\0\0\0\0\x7b\x80\
\xa8\x01\0\0\0\0\x7b\x80\xa0\x01\0\0\0\0\x7b\x80\x98\x01\0\0\0\0\x7b\x80\x90\
\x01\0\0\0\0\x7b\x80\x88\x01\0\0\0\0\x7b\x80\x80\x01\0\0\0\0\x7b\x80\x78\x01\0\
\0\0\0\x7b\x80\x70\x01\0\0\0\0\x7b\x80\x68\x01\0\0\0\0\x7b\x80\x60\x01\0\0\0\0\
\x7b\x80\x58\x01\0\0\0\0\x7b\x80\x50\x01\0\0\0\0\x7b\x80\x48\x01\0\0\0\0\x7b\
\x80\x40\x01\0\0\0\0\x7b\x80\x38\x01\0\0\0\0\x7b\x80\x30\x01\0\0\0\0\x7b\x80\
\x28\x01\0\0\0\0\x7b\x80\x20\x01\0\0\0\0\x7b\x80\x18\x01\0\0\0\0\x7b\x80\x10\
\x01\0\0\0\0\x7b\x80\x08\x01\0\0\0\0\x7b\x80\0\x01\0\0\0\0\x7b\x80\xf8\0\0\0\0\
\0\x7b\x80\xf0\0\0\0\0\0\x7b\x80\xe8\0\0\0\0\0\x7b\x80\xe0\0\0\0\0\0\x7b\x80\
\xd8\0\0\0\0\0\x7b\x80\xd0\0\0\0\0\0\x7b\x80\xc8\0\0\0\0\0\x7b\x80\xc0\0\0\0\0\
\0\x7b\x80\xb8\0\0\0\0\0\x7b\x80\xb0\0\0\0\0\0\x7b\x80\xa8\0\0\0\0\0\x7b\x80\
\xa0\0\0\0\0\0\x7b\x80\x98\0\0\0\0\0\x7b\x80\x90\0\0\0\0\0\x7b\x80\x88\0\0\0\0\
\0\x7b\x80\x80\0\0\0\0\0\x7b\x80\x78\0\0\0\0\0\x7b\x80\x70\0\0\0\0\0\x7b\x80\
\x68\0\0\0\0\0\x7b\x80\x60\0\0\0\0\0\x7b\x80\x58\0\0\0\0\0\x7b\x80\x50\0\0\0\0\
\0\x7b\x80\x48\0\0\0\0\0\x7b\x80\x40\0\0\0\0\0\x7b\x80\x38\0\0\0\0\0\x7b\x80\
\x30\0\0\0\0\0\x7b\x80\x28\0\0\0\0\0\x7b\x80\x20\0\0\0\0\0\x7b\x80\x18\0\0\0\0\
\0\x7b\x80\x10\0\0\0\0\0\x7b\x80\x08\0\0\0\0\0\x7b\x80\0\0\0\0\0\0\xb7\x01\0\0\
\x60\0\0\0\x0f\x17\0\0\0\0\0\0\xbf\xa1\0\0\0\0\0\0\x07\x01\0\0\xf8\xff\xff\xff\
\xb7\x02\0\0\x08\0\0\0\xbf\x73\0\0\0\0\0\0\xbf\x07\0\0\0\0\0\0\x85\0\0\0\x71\0\
\0\0\x79\xa3\xf8\xff\0\0\0\0\xbf\x71\0\0\0\0\0\0\x07\x01\0\0\x28\0\0\0\xb7\x02\
\0\0\0\x01\0\0\x85\0\0\0\x2d\0\0\0\xb7\x01\0\0\x6b\0\0\0\x73\x17\x2d\x02\0\0\0\
\0\xb7\x01\0\0\x69\0\0\0\x73\x17\x2b\x02\0\0\0\0\xb7\x01\0\0\x6c\0\0\0\x73\x17\
\x2a\x02\0\0\0\0\xb7\x01\0\0\x6e\0\0\0\x73\x17\x2c\x02\0\0\0\0\x73\x17\x29\x02\
\0\0\0\0\xb7\x01\0\0\x75\0\0\0\x73\x17\x28\x02\0\0\0\0\x73\x87\x2f\x02\0\0\0\0\
\x73\x87\x2e\x02\0\0\0\0\x73\x87\x37\x02\0\0\0\0\x73\x87\x36\x02\0\0\0\0\x73\
\x87\x35\x02\0\0\0\0\x73\x87\x34\x02\0\0\0\0\x73\x87\x33\x02\0\0\0\0\x73\x87\
\x32\x02\0\0\0\0\x73\x87\x31\x02\0\0\0\0\x73\x87\x30\x02\0\0\0\0\x85\0\0\0\x0e\
\0\0\0\x77\0\0\0\x20\0\0\0\x63\x07\0\0\0\0\0\0\x85\0\0\0\x05\0\0\0\x7b\x07\x10\
\0\0\0\0\0\x85\0\0\0\x0f\0\0\0\x63\x07\x04\0\0\0\0\0\x77\0\0\0\x20\0\0\0\x63\
\x07\x08\0\0\0\0\0\xbf\x71\0\0\0\0\0\0\x07\x01\0\0\x18\0\0\0\xb7\x02\0\0\x10\0\
\0\0\x85\0\0\0\x10\0\0\0\xbf\x61\0\0\0\0\0\0\x18\x02\0\0\0\0\0\0\0\0\0\0\0\0\0\
\0\x18\x03\0\0\xff\xff\xff\xff\0\0\0\0\0\0\0\0\xbf\x74\0\0\0\0\0\0\xb7\x05\0\0\
\x38\x02\0\0\x85\0\0\0\x19\0\0\0\xb7\0\0\0\0\0\0\0\x95\0\0\0\0\0\0\0\xbf\x16\0\
\0\0\0\0\0\xb7\x01\0\0\x40\0\0\0\x79\x63\0\0\0\0\0\0\x0f\x13\0\0\0\0\0\0\x79\
\x67\x08\0\0\0\0\0\xbf\xa1\0\0\0\0\0\0\x07\x01\0\0\xf8\xff\xff\xff\xb7\x02\0\0\
\x08\0\0\0\x85\0\0\0\x71\0\0\0\x79\xa1\xf8\xff\0\0\0\0\x18\x02\0\0\0\0\0\0\0\0\
\0\0\0\0\0\0\x79\x22\0\0\0\0\0\0\x5d\x21\x88\0\0\0\0\0\xb7\x08\0\0\0\0\0\0\x63\
\x8a\xf4\xff\0\0\0\0\xbf\xa2\0\0\0\0\0\0\x07\x02\0\0\xf4\xff\xff\xff\x18\x01\0\
\0\0\0\0\0\0\0\0\0\0\0\0\0\x85\0\0\0\x01\0\0\0\x15\0\x80\0\0\0\0\0\x7b\x80\x30\
\x02\0\0\0\0\x7b\x80\x28\x02\0\0\0\0\x7b\x80\x20\x02\0\0\0\0\x7b\x80\x18\x02\0\
\0\0\0\x7b\x80\x10\x02\0\0\0\0\x7b\x80\x08\x02\0\0\0\0\x7b\x80\0\x02\0\0\0\0\
\x7b\x80\xf8\x01\0\0\0\0\x7b\x80\xf0\x01\0\0\0\0\x7b\x80\xe8\x01\0\0\0\0\x7b\
\x80\xe0\x01\0\0\0\0\x7b\x80\xd8\x01\0\0\0\0\x7b\x80\xd0\x01\0\0\0\0\x7b\x80\
\xc8\x01\0\0\0\0\x7b\x80\xc0\x01\0\0\0\0\x7b\x80\xb8\x01\0\0\0\0\x7b\x80\xb0\
\x01\0\0\0\0\x7b\x80\xa8\x01\0\0\0\0\x7b\x80\xa0\x01\0\0\0\0\x7b\x80\x98\x01\0\
\0\0\0\x7b\x80\x90\x01\0\0\0\0\x7b\x80\x88\x01\0\0\0\0\x7b\x80\x80\x01\0\0\0\0\
\x7b\x80\x78\x01\0\0\0\0\x7b\x80\x70\x01\0\0\0\0\x7b\x80\x68\x01\0\0\0\0\x7b\
\x80\x60\x01\0\0\0\0\x7b\x80\x58\x01\0\0\0\0\x7b\x80\x50\x01\0\0\0\0\x7b\x80\
\x48\x01\0\0\0\0\x7b\x80\x40\x01\0\0\0\0\x7b\x80\x38\x01\0\0\0\0\x7b\x80\x30\
\x01\0\0\0\0\x7b\x80\x28\x01\0\0\0\0\x7b\x80\x20\x01\0\0\0\0\x7b\x80\x18\x01\0\
\0\0\0\x7b\x80\x10\x01\0\0\0\0\x7b\x80\x08\x01\0\0\0\0\x7b\x80\0\x01\0\0\0\0\
\x7b\x80\xf8\0\0\0\0\0\x7b\x80\xf0\0\0\0\0\0\x7b\x80\xe8\0\0\0\0\0\x7b\x80\xe0\
\0\0\0\0\0\x7b\x80\xd8\0\0\0\0\0\x7b\x80\xd0\0\0\0\0\0\x7b\x80\xc8\0\0\0\0\0\
\x7b\x80\xc0\0\0\0\0\0\x7b\x80\xb8\0\0\0\0\0\x7b\x80\xb0\0\0\0\0\0\x7b\x80\xa8\
\0\0\0\0\0\x7b\x80\xa0\0\0\0\0\0\x7b\x80\x98\0\0\0\0\0\x7b\x80\x90\0\0\0\0\0\
\x7b\x80\x88\0\0\0\0\0\x7b\x80\x80\0\0\0\0\0\x7b\x80\x78\0\0\0\0\0\x7b\x80\x70\
\0\0\0\0\0\x7b\x80\x68\0\0\0\0\0\x7b\x80\x60\0\0\0\0\0\x7b\x80\x58\0\0\0\0\0\
\x7b\x80\x50\0\0\0\0\0\x7b\x80\x48\0\0\0\0\0\x7b\x80\x40\0\0\0\0\0\x7b\x80\x38\
\0\0\0\0\0\x7b\x80\x30\0\0\0\0\0\x7b\x80\x28\0\0\0\0\0\x7b\x80\x20\0\0\0\0\0\
\x7b\x80\x18\0\0\0\0\0\x7b\x80\x10\0\0\0\0\0\x7b\x80\x08\0\0\0\0\0\x7b\x80\0\0\
\0\0\0\0\xb7\x01\0\0\x60\0\0\0\x0f\x17\0\0\0\0\0\0\xbf\xa1\0\0\0\0\0\0\x07\x01\
\0\0\xf8\xff\xff\xff\xb7\x02\0\0\x08\0\0\0\xbf\x73\0\0\0\0\0\0\xbf\x07\0\0\0\0\
\0\0\x85\0\0\0\x71\0\0\0\x79\xa3\xf8\xff\0\0\0\0\xbf\x71\0\0\0\0\0\0\x07\x01\0\
\0\x28\0\0\0\xb7\x02\0\0\0\x01\0\0\x85\0\0\0\x2d\0\0\0\xb7\x01\0\0\x6b\0\0\0\
\x73\x17\x2e\x02\0\0\0\0\xb7\x01\0\0\x6e\0\0\0\x73\x17\x2d\x02\0\0\0\0\xb7\x01\
\0\0\x69\0\0\0\x73\x17\x2c\x02\0\0\0\0\xb7\x01\0\0\x6c\0\0\0\x73\x17\x2b\x02\0\
\0\0\0\xb7\x01\0\0\x6d\0\0\0\x73\x17\x2a\x02\0\0\0\0\xb7\x01\0\0\x79\0\0\0\x73\
\x17\x29\x02\0\0\0\0\xb7\x01\0\0\x73\0\0\0\x73\x17\x28\x02\0\0\0\0\x73\x87\x2f\
\x02\0\0\0\0\x73\x87\x37\x02\0\0\0\0\x73\x87\x36\x02\0\0\0\0\x73\x87\x35\x02\0\
\0\0\0\x73\x87\x34\x02\0\0\0\0\x73\x87\x33\x02\0\0\0\0\x73\x87\x32\x02\0\0\0\0\
\x73\x87\x31\x02\0\0\0\0\x73\x87\x30\x02\0\0\0\0\x85\0\0\0\x0e\0\0\0\x77\0\0\0\
\x20\0\0\0\x63\x07\0\0\0\0\0\0\x85\0\0\0\x05\0\0\0\x7b\x07\x10\0\0\0\0\0\x85\0\
\0\0\x0f\0\0\0\x63\x07\x04\0\0\0\0\0\x77\0\0\0\x20\0\0\0\x63\x07\x08\0\0\0\0\0\
\xbf\x71\0\0\0\0\0\0\x07\x01\0\0\x18\0\0\0\xb7\x02\0\0\x10\0\0\0\x85\0\0\0\x10\
\0\0\0\xbf\x61\0\0\0\0\0\0\x18\x02\0\0\0\0\0\0\0\0\0\0\0\0\0\0\x18\x03\0\0\xff\
\xff\xff\xff\0\0\0\0\0\0\0\0\xbf\x74\0\0\0\0\0\0\xb7\x05\0\0\x38\x02\0\0\x85\0\
\0\0\x19\0\0\0\xb7\0\0\0\0\0\0\0\x95\0\0\0\0\0\0\0\xbf\x16\0\0\0\0\0\0\xb7\x01\
\0\0\x40\0\0\0\x79\x63\0\0\0\0\0\0\x0f\x13\0\0\0\0\0\0\x79\x67\x08\0\0\0\0\0\
\xbf\xa1\0\0\0\0\0\0\x07\x01\0\0\xf8\xff\xff\xff\xb7\x02\0\0\x08\0\0\0\x85\0\0\
\0\x71\0\0\0\x79\xa1\xf8\xff\0\0\0\0\x18\x02\0\0\0\0\0\0\0\0\0\0\0\0\0\0\x79\
\x22\0\0\0\0\0\0\x5d\x21\x86\0\0\0\0\0\xb7\x08\0\0\0\0\0\0\x63\x8a\xf4\xff\0\0\
\0\0\xbf\xa2\0\0\0\0\0\0\x07\x02\0\0\xf4\xff\xff\xff\x18\x01\0\0\0\0\0\0\0\0\0\
\0\0\0\0\0\x85\0\0\0\x01\0\0\0\x15\0\x7e\0\0\0\0\0\x7b\x80\x30\x02\0\0\0\0\x7b\
\x80\x28\x02\0\0\0\0\x7b\x80\x20\x02\0\0\0\0\x7b\x80\x18\x02\0\0\0\0\x7b\x80\
\x10\x02\0\0\0\0\x7b\x80\x08\x02\0\0\0\0\x7b\x80\0\x02\0\0\0\0\x7b\x80\xf8\x01\
\0\0\0\0\x7b\x80\xf0\x01\0\0\0\0\x7b\x80\xe8\x01\0\0\0\0\x7b\x80\xe0\x01\0\0\0\
\0\x7b\x80\xd8\x01\0\0\0\0\x7b\x80\xd0\x01\0\0\0\0\x7b\x80\xc8\x01\0\0\0\0\x7b\
\x80\xc0\x01\0\0\0\0\x7b\x80\xb8\x01\0\0\0\0\x7b\x80\xb0\x01\0\0\0\0\x7b\x80\
\xa8\x01\0\0\0\0\x7b\x80\xa0\x01\0\0\0\0\x7b\x80\x98\x01\0\0\0\0\x7b\x80\x90\
\x01\0\0\0\0\x7b\x80\x88\x01\0\0\0\0\x7b\x80\x80\x01\0\0\0\0\x7b\x80\x78\x01\0\
\0\0\0\x7b\x80\x70\x01\0\0\0\0\x7b\x80\x68\x01\0\0\0\0\x7b\x80\x60\x01\0\0\0\0\
\x7b\x80\x58\x01\0\0\0\0\x7b\x80\x50\x01\0\0\0\0\x7b\x80\x48\x01\0\0\0\0\x7b\
\x80\x40\x01\0\0\0\0\x7b\x80\x38\x01\0\0\0\0\x7b\x80\x30\x01\0\0\0\0\x7b\x80\
\x28\x01\0\0\0\0\x7b\x80\x20\x01\0\0\0\0\x7b\x80\x18\x01\0\0\0\0\x7b\x80\x10\
\x01\0\0\0\0\x7b\x80\x08\x01\0\0\0\0\x7b\x80\0\x01\0\0\0\0\x7b\x80\xf8\0\0\0\0\
\0\x7b\x80\xf0\0\0\0\0\0\x7b\x80\xe8\0\0\0\0\0\x7b\x80\xe0\0\0\0\0\0\x7b\x80\
\xd8\0\0\0\0\0\x7b\x80\xd0\0\0\0\0\0\x7b\x80\xc8\0\0\0\0\0\x7b\x80\xc0\0\0\0\0\
\0\x7b\x80\xb8\0\0\0\0\0\x7b\x80\xb0\0\0\0\0\0\x7b\x80\xa8\0\0\0\0\0\x7b\x80\
\xa0\0\0\0\0\0\x7b\x80\x98\0\0\0\0\0\x7b\x80\x90\0\0\0\0\0\x7b\x80\x88\0\0\0\0\
\0\x7b\x80\x80\0\0\0\0\0\x7b\x80\x78\0\0\0\0\0\x7b\x80\x70\0\0\0\0\0\x7b\x80\
\x68\0\0\0\0\0\x7b\x80\x60\0\0\0\0\0\x7b\x80\x58\0\0\0\0\0\x7b\x80\x50\0\0\0\0\
\0\x7b\x80\x48\0\0\0\0\0\x7b\x80\x40\0\0\0\0\0\x7b\x80\x38\0\0\0\0\0\x7b\x80\
\x30\0\0\0\0\0\x7b\x80\x28\0\0\0\0\0\x7b\x80\x20\0\0\0\0\0\x7b\x80\x18\0\0\0\0\
\0\x7b\x80\x10\0\0\0\0\0\x7b\x80\x08\0\0\0\0\0\x7b\x80\0\0\0\0\0\0\xb7\x01\0\0\
\x60\0\0\0\x0f\x17\0\0\0\0\0\0\xbf\xa1\0\0\0\0\0\0\x07\x01\0\0\xf8\xff\xff\xff\
\xb7\x02\0\0\x08\0\0\0\xbf\x73\0\0\0\0\0\0\xbf\x07\0\0\0\0\0\0\x85\0\0\0\x71\0\
\0\0\x79\xa3\xf8\xff\0\0\0\0\xbf\x71\0\0\0\0\0\0\x07\x01\0\0\x28\0\0\0\xb7\x02\
\0\0\0\x01\0\0\x85\0\0\0\x2d\0\0\0\xb7\x01\0\0\x72\0\0\0\x73\x17\x2c\x02\0\0\0\
\0\xb7\x01\0\0\x69\0\0\0\x73\x17\x2b\x02\0\0\0\0\xb7\x01\0\0\x64\0\0\0\x73\x17\
\x2a\x02\0\0\0\0\xb7\x01\0\0\x6b\0\0\0\x73\x17\x29\x02\0\0\0\0\xb7\x01\0\0\x6d\
\0\0\0\x73\x17\x28\x02\0\0\0\0\x73\x87\x2f\x02\0\0\0\0\x73\x87\x2e\x02\0\0\0\0\
\x73\x87\x2d\x02\0\0\0\0\x73\x87\x37\x02\0\0\0\0\x73\x87\x36\x02\0\0\0\0\x73\
\x87\x35\x02\0\0\0\0\x73\x87\x34\x02\0\0\0\0\x73\x87\x33\x02\0\0\0\0\x73\x87\
\x32\x02\0\0\0\0\x73\x87\x31\x02\0\0\0\0\x73\x87\x30\x02\0\0\0\0\x85\0\0\0\x0e\
\0\0\0\x77\0\0\0\x20\0\0\0\x63\x07\0\0\0\0\0\0\x85\0\0\0\x05\0\0\0\x7b\x07\x10\
\0\0\0\0\0\x85\0\0\0\x0f\0\0\0\x63\x07\x04\0\0\0\0\0\x77\0\0\0\x20\0\0\0\x63\
\x07\x08\0\0\0\0\0\xbf\x71\0\0\0\0\0\0\x07\x01\0\0\x18\0\0\0\xb7\x02\0\0\x10\0\
\0\0\x85\0\0\0\x10\0\0\0\xbf\x61\0\0\0\0\0\0\x18\x02\0\0\0\0\0\0\0\0\0\0\0\0\0\
\0\x18\x03\0\0\xff\xff\xff\xff\0\0\0\0\0\0\0\0\xbf\x74\0\0\0\0\0\0\xb7\x05\0\0\
\x38\x02\0\0\x85\0\0\0\x19\0\0\0\xb7\0\0\0\0\0\0\0\x95\0\0\0\0\0\0\0\xbf\x16\0\
\0\0\0\0\0\xb7\x01\0\0\x40\0\0\0\x79\x63\0\0\0\0\0\0\x0f\x13\0\0\0\0\0\0\x79\
\x67\x08\0\0\0\0\0\xbf\xa1\0\0\0\0\0\0\x07\x01\0\0\xf8\xff\xff\xff\xb7\x02\0\0\
\x08\0\0\0\x85\0\0\0\x71\0\0\0\x79\xa1\xf8\xff\0\0\0\0\x18\x02\0\0\0\0\0\0\0\0\
\0\0\0\0\0\0\x79\x22\0\0\0\0\0\0\x5d\x21\x85\0\0\0\0\0\xb7\x08\0\0\0\0\0\0\x63\
\x8a\xf4\xff\0\0\0\0\xbf\xa2\0\0\0\0\0\0\x07\x02\0\0\xf4\xff\xff\xff\x18\x01\0\
\0\0\0\0\0\0\0\0\0\0\0\0\0\x85\0\0\0\x01\0\0\0\x15\0\x7d\0\0\0\0\0\x7b\x80\x30\
\x02\0\0\0\0\x7b\x80\x28\x02\0\0\0\0\x7b\x80\x20\x02\0\0\0\0\x7b\x80\x18\x02\0\
\0\0\0\x7b\x80\x10\x02\0\0\0\0\x7b\x80\x08\x02\0\0\0\0\x7b\x80\0\x02\0\0\0\0\
\x7b\x80\xf8\x01\0\0\0\0\x7b\x80\xf0\x01\0\0\0\0\x7b\x80\xe8\x01\0\0\0\0\x7b\
\x80\xe0\x01\0\0\0\0\x7b\x80\xd8\x01\0\0\0\0\x7b\x80\xd0\x01\0\0\0\0\x7b\x80\
\xc8\x01\0\0\0\0\x7b\x80\xc0\x01\0\0\0\0\x7b\x80\xb8\x01\0\0\0\0\x7b\x80\xb0\
\x01\0\0\0\0\x7b\x80\xa8\x01\0\0\0\0\x7b\x80\xa0\x01\0\0\0\0\x7b\x80\x98\x01\0\
\0\0\0\x7b\x80\x90\x01\0\0\0\0\x7b\x80\x88\x01\0\0\0\0\x7b\x80\x80\x01\0\0\0\0\
\x7b\x80\x78\x01\0\0\0\0\x7b\x80\x70\x01\0\0\0\0\x7b\x80\x68\x01\0\0\0\0\x7b\
\x80\x60\x01\0\0\0\0\x7b\x80\x58\x01\0\0\0\0\x7b\x80\x50\x01\0\0\0\0\x7b\x80\
\x48\x01\0\0\0\0\x7b\x80\x40\x01\0\0\0\0\x7b\x80\x38\x01\0\0\0\0\x7b\x80\x30\
\x01\0\0\0\0\x7b\x80\x28\x01\0\0\0\0\x7b\x80\x20\x01\0\0\0\0\x7b\x80\x18\x01\0\
\0\0\0\x7b\x80\x10\x01\0\0\0\0\x7b\x80\x08\x01\0\0\0\0\x7b\x80\0\x01\0\0\0\0\
\x7b\x80\xf8\0\0\0\0\0\x7b\x80\xf0\0\0\0\0\0\x7b\x80\xe8\0\0\0\0\0\x7b\x80\xe0\
\0\0\0\0\0\x7b\x80\xd8\0\0\0\0\0\x7b\x80\xd0\0\0\0\0\0\x7b\x80\xc8\0\0\0\0\0\
\x7b\x80\xc0\0\0\0\0\0\x7b\x80\xb8\0\0\0\0\0\x7b\x80\xb0\0\0\0\0\0\x7b\x80\xa8\
\0\0\0\0\0\x7b\x80\xa0\0\0\0\0\0\x7b\x80\x98\0\0\0\0\0\x7b\x80\x90\0\0\0\0\0\
\x7b\x80\x88\0\0\0\0\0\x7b\x80\x80\0\0\0\0\0\x7b\x80\x78\0\0\0\0\0\x7b\x80\x70\
\0\0\0\0\0\x7b\x80\x68\0\0\0\0\0\x7b\x80\x60\0\0\0\0\0\x7b\x80\x58\0\0\0\0\0\
\x7b\x80\x50\0\0\0\0\0\x7b\x80\x48\0\0\0\0\0\x7b\x80\x40\0\0\0\0\0\x7b\x80\x38\
\0\0\0\0\0\x7b\x80\x30\0\0\0\0\0\x7b\x80\x28\0\0\0\0\0\x7b\x80\x20\0\0\0\0\0\
\x7b\x80\x18\0\0\0\0\0\x7b\x80\x10\0\0\0\0\0\x7b\x80\x08\0\0\0\0\0\x7b\x80\0\0\
\0\0\0\0\xb7\x01\0\0\x60\0\0\0\x0f\x17\0\0\0\0\0\0\xbf\xa1\0\0\0\0\0\0\x07\x01\
\0\0\xf8\xff\xff\xff\xb7\x02\0\0\x08\0\0\0\xbf\x73\0\0\0\0\0\0\xbf\x07\0\0\0\0\
\0\0\x85\0\0\0\x71\0\0\0\x79\xa3\xf8\xff\0\0\0\0\xbf\x71\0\0\0\0\0\0\x07\x01\0\
\0\x28\0\0\0\xb7\x02\0\0\0\x01\0\0\x85\0\0\0\x2d\0\0\0\xb7\x01\0\0\x69\0\0\0\
\x73\x17\x2b\x02\0\0\0\0\xb7\x01\0\0\x64\0\0\0\x73\x17\x2a\x02\0\0\0\0\xb7\x01\
\0\0\x6d\0\0\0\x73\x17\x29\x02\0\0\0\0\xb7\x01\0\0\x72\0\0\0\x73\x17\x2c\x02\0\
\0\0\0\x73\x17\x28\x02\0\0\0\0\x73\x87\x2f\x02\0\0\0\0\x73\x87\x2e\x02\0\0\0\0\
\x73\x87\x2d\x02\0\0\0\0\x73\x87\x37\x02\0\0\0\0\x73\x87\x36\x02\0\0\0\0\x73\
\x87\x35\x02\0\0\0\0\x73\x87\x34\x02\0\0\0\0\x73\x87\x33\x02\0\0\0\0\x73\x87\
\x32\x02\0\0\0\0\x73\x87\x31\x02\0\0\0\0\x73\x87\x30\x02\0\0\0\0\x85\0\0\0\x0e\
\0\0\0\x77\0\0\0\x20\0\0\0\x63\x07\0\0\0\0\0\0\x85\0\0\0\x05\0\0\0\x7b\x07\x10\
\0\0\0\0\0\x85\0\0\0\x0f\0\0\0\x63\x07\x04\0\0\0\0\0\x77\0\0\0\x20\0\0\0\x63\
\x07\x08\0\0\0\0\0\xbf\x71\0\0\0\0\0\0\x07\x01\0\0\x18\0\0\0\xb7\x02\0\0\x10\0\
\0\0\x85\0\0\0\x10\0\0\0\xbf\x61\0\0\0\0\0\0\x18\x02\0\0\0\0\0\0\0\0\0\0\0\0\0\
\0\x18\x03\0\0\xff\xff\xff\xff\0\0\0\0\0\0\0\0\xbf\x74\0\0\0\0\0\0\xb7\x05\0\0\
\x38\x02\0\0\x85\0\0\0\x19\0\0\0\xb7\0\0\0\0\0\0\0\x95\0\0\0\0\0\0\0\xbf\x16\0\
\0\0\0\0\0\xb7\x01\0\0\x40\0\0\0\x79\x63\0\0\0\0\0\0\x0f\x13\0\0\0\0\0\0\x79\
\x67\x08\0\0\0\0\0\xbf\xa1\0\0\0\0\0\0\x07\x01\0\0\xf8\xff\xff\xff\xb7\x02\0\0\
\x08\0\0\0\x85\0\0\0\x71\0\0\0\x79\xa1\xf8\xff\0\0\0\0\x18\x02\0\0\0\0\0\0\0\0\
\0\0\0\0\0\0\x79\x22\0\0\0\0\0\0\x5d\x21\x86\0\0\0\0\0\xb7\x08\0\0\0\0\0\0\x63\
\x8a\xf4\xff\0\0\0\0\xbf\xa2\0\0\0\0\0\0\x07\x02\0\0\xf4\xff\xff\xff\x18\x01\0\
\0\0\0\0\0\0\0\0\0\0\0\0\0\x85\0\0\0\x01\0\0\0\x15\0\x7e\0\0\0\0\0\x7b\x80\x30\
\x02\0\0\0\0\x7b\x80\x28\x02\0\0\0\0\x7b\x80\x20\x02\0\0\0\0\x7b\x80\x18\x02\0\
\0\0\0\x7b\x80\x10\x02\0\0\0\0\x7b\x80\x08\x02\0\0\0\0\x7b\x80\0\x02\0\0\0\0\
\x7b\x80\xf8\x01\0\0\0\0\x7b\x80\xf0\x01\0\0\0\0\x7b\x80\xe8\x01\0\0\0\0\x7b\
\x80\xe0\x01\0\0\0\0\x7b\x80\xd8\x01\0\0\0\0\x7b\x80\xd0\x01\0\0\0\0\x7b\x80\
\xc8\x01\0\0\0\0\x7b\x80\xc0\x01\0\0\0\0\x7b\x80\xb8\x01\0\0\0\0\x7b\x80\xb0\
\x01\0\0\0\0\x7b\x80\xa8\x01\0\0\0\0\x7b\x80\xa0\x01\0\0\0\0\x7b\x80\x98\x01\0\
\0\0\0\x7b\x80\x90\x01\0\0\0\0\x7b\x80\x88\x01\0\0\0\0\x7b\x80\x80\x01\0\0\0\0\
\x7b\x80\x78\x01\0\0\0\0\x7b\x80\x70\x01\0\0\0\0\x7b\x80\x68\x01\0\0\0\0\x7b\
\x80\x60\x01\0\0\0\0\x7b\x80\x58\x01\0\0\0\0\x7b\x80\x50\x01\0\0\0\0\x7b\x80\
\x48\x01\0\0\0\0\x7b\x80\x40\x01\0\0\0\0\x7b\x80\x38\x01\0\0\0\0\x7b\x80\x30\
\x01\0\0\0\0\x7b\x80\x28\x01\0\0\0\0\x7b\x80\x20\x01\0\0\0\0\x7b\x80\x18\x01\0\
\0\0\0\x7b\x80\x10\x01\0\0\0\0\x7b\x80\x08\x01\0\0\0\0\x7b\x80\0\x01\0\0\0\0\
\x7b\x80\xf8\0\0\0\0\0\x7b\x80\xf0\0\0\0\0\0\x7b\x80\xe8\0\0\0\0\0\x7b\x80\xe0\
\0\0\0\0\0\x7b\x80\xd8\0\0\0\0\0\x7b\x80\xd0\0\0\0\0\0\x7b\x80\xc8\0\0\0\0\0\
\x7b\x80\xc0\0\0\0\0\0\x7b\x80\xb8\0\0\0\0\0\x7b\x80\xb0\0\0\0\0\0\x7b\x80\xa8\
\0\0\0\0\0\x7b\x80\xa0\0\0\0\0\0\x7b\x80\x98\0\0\0\0\0\x7b\x80\x90\0\0\0\0\0\
\x7b\x80\x88\0\0\0\0\0\x7b\x80\x80\0\0\0\0\0\x7b\x80\x78\0\0\0\0\0\x7b\x80\x70\
\0\0\0\0\0\x7b\x80\x68\0\0\0\0\0\x7b\x80\x60\0\0\0\0\0\x7b\x80\x58\0\0\0\0\0\
\x7b\x80\x50\0\0\0\0\0\x7b\x80\x48\0\0\0\0\0\x7b\x80\x40\0\0\0\0\0\x7b\x80\x38\
\0\0\0\0\0\x7b\x80\x30\0\0\0\0\0\x7b\x80\x28\0\0\0\0\0\x7b\x80\x20\0\0\0\0\0\
\x7b\x80\x18\0\0\0\0\0\x7b\x80\x10\0\0\0\0\0\x7b\x80\x08\0\0\0\0\0\x7b\x80\0\0\
\0\0\0\0\xb7\x01\0\0\x60\0\0\0\x0f\x17\0\0\0\0\0\0\xbf\xa1\0\0\0\0\0\0\x07\x01\
\0\0\xf8\xff\xff\xff\xb7\x02\0\0\x08\0\0\0\xbf\x73\0\0\0\0\0\0\xbf\x07\0\0\0\0\
\0\0\x85\0\0\0\x71\0\0\0\x79\xa3\xf8\xff\0\0\0\0\xbf\x71\0\0\0\0\0\0\x07\x01\0\
\0\x28\0\0\0\xb7\x02\0\0\0\x01\0\0\x85\0\0\0\x2d\0\0\0\xb7\x01\0\0\x64\0\0\0\
\x73\x17\x2c\x02\0\0\0\0\xb7\x01\0\0\x6f\0\0\0\x73\x17\x2b\x02\0\0\0\0\xb7\x01\
\0\0\x6e\0\0\0\x73\x17\x2a\x02\0\0\0\0\xb7\x01\0\0\x6b\0\0\0\x73\x17\x29\x02\0\
\0\0\0\xb7\x01\0\0\x6d\0\0\0\x73\x17\x28\x02\0\0\0\0\x73\x87\x2f\x02\0\0\0\0\
\x73\x87\x2e\x02\0\0\0\0\x73\x87\x2d\x02\0\0\0\0\x73\x87\x37\x02\0\0\0\0\x73\
\x87\x36\x02\0\0\0\0\x73\x87\x35\x02\0\0\0\0\x73\x87\x34\x02\0\0\0\0\x73\x87\
\x33\x02\0\0\0\0\x73\x87\x32\x02\0\0\0\0\x73\x87\x31\x02\0\0\0\0\x73\x87\x30\
\x02\0\0\0\0\x85\0\0\0\x0e\0\0\0\x77\0\0\0\x20\0\0\0\x63\x07\0\0\0\0\0\0\x85\0\
\0\0\x05\0\0\0\x7b\x07\x10\0\0\0\0\0\x85\0\0\0\x0f\0\0\0\x63\x07\x04\0\0\0\0\0\
\x77\0\0\0\x20\0\0\0\x63\x07\x08\0\0\0\0\0\xbf\x71\0\0\0\0\0\0\x07\x01\0\0\x18\
\0\0\0\xb7\x02\0\0\x10\0\0\0\x85\0\0\0\x10\0\0\0\xbf\x61\0\0\0\0\0\0\x18\x02\0\
\0\0\0\0\0\0\0\0\0\0\0\0\0\x18\x03\0\0\xff\xff\xff\xff\0\0\0\0\0\0\0\0\xbf\x74\
\0\0\0\0\0\0\xb7\x05\0\0\x38\x02\0\0\x85\0\0\0\x19\0\0\0\xb7\0\0\0\0\0\0\0\x95\
\0\0\0\0\0\0\0\xbf\x16\0\0\0\0\0\0\xb7\x07\0\0\x40\0\0\0\x79\x63\0\0\0\0\0\0\
\x0f\x73\0\0\0\0\0\0\x79\x61\x18\0\0\0\0\0\x7b\x1a\xe8\xff\0\0\0\0\x79\x69\x10\
\0\0\0\0\0\x79\x61\x08\0\0\0\0\0\x7b\x1a\xe0\xff\0\0\0\0\xbf\xa1\0\0\0\0\0\0\
\x07\x01\0\0\xf8\xff\xff\xff\xb7\x02\0\0\x08\0\0\0\x85\0\0\0\x71\0\0\0\x79\xa1\
\xf8\xff\0\0\0\0\x18\x08\0\0\0\0\0\0\0\0\0\0\0\0\0\0\x79\x82\0\0\0\0\0\0\x1d\
\x21\x09\0\0\0\0\0\x0f\x79\0\0\0\0\0\0\xbf\xa1\0\0\0\0\0\0\x07\x01\0\0\xf8\xff\
\xff\xff\xb7\x02\0\0\x08\0\0\0\xbf\x93\0\0\0\0\0\0\x85\0\0\0\x71\0\0\0\x79\xa1\
\xf8\xff\0\0\0\0\x79\x82\0\0\0\0\0\0\x5d\x21\x91\0\0\0\0\0\xb7\x09\0\0\0\0\0\0\
\x63\x9a\xf4\xff\0\0\0\0\xbf\xa2\0\0\0\0\0\0\x07\x02\0\0\xf4\xff\xff\xff\x18\
\x01\0\0\0\0\0\0\0\0\0\0\0\0\0\0\x85\0\0\0\x01\0\0\0\x15\0\x89\0\0\0\0\0\x7b\
\x90\x30\x02\0\0\0\0\x7b\x90\x28\x02\0\0\0\0\x7b\x90\x20\x02\0\0\0\0\x7b\x90\
\x18\x02\0\0\0\0\x7b\x90\x10\x02\0\0\0\0\x7b\x90\x08\x02\0\0\0\0\x7b\x90\0\x02\
\0\0\0\0\x7b\x90\xf8\x01\0\0\0\0\x7b\x90\xf0\x01\0\0\0\0\x7b\x90\xe8\x01\0\0\0\
\0\x7b\x90\xe0\x01\0\0\0\0\x7b\x90\xd8\x01\0\0\0\0\x7b\x90\xd0\x01\0\0\0\0\x7b\
\x90\xc8\x01\0\0\0\0\x7b\x90\xc0\x01\0\0\0\0\x7b\x90\xb8\x01\0\0\0\0\x7b\x90\
\xb0\x01\0\0\0\0\x7b\x90\xa8\x01\0\0\0\0\x7b\x90\xa0\x01\0\0\0\0\x7b\x90\x98\
\x01\0\0\0\0\x7b\x90\x90\x01\0\0\0\0\x7b\x90\x88\x01\0\0\0\0\x7b\x90\x80\x01\0\
\0\0\0\x7b\x90\x78\x01\0\0\0\0\x7b\x90\x70\x01\0\0\0\0\x7b\x90\x68\x01\0\0\0\0\
\x7b\x90\x60\x01\0\0\0\0\x7b\x90\x58\x01\0\0\0\0\x7b\x90\x50\x01\0\0\0\0\x7b\
\x90\x48\x01\0\0\0\0\x7b\x90\x40\x01\0\0\0\0\x7b\x90\x38\x01\0\0\0\0\x7b\x90\
\x30\x01\0\0\0\0\x7b\x90\x28\x01\0\0\0\0\x7b\x90\x20\x01\0\0\0\0\x7b\x90\x18\
\x01\0\0\0\0\x7b\x90\x10\x01\0\0\0\0\x7b\x90\x08\x01\0\0\0\0\x7b\x90\0\x01\0\0\
\0\0\x7b\x90\xf8\0\0\0\0\0\x7b\x90\xf0\0\0\0\0\0\x7b\x90\xe8\0\0\0\0\0\x7b\x90\
\xe0\0\0\0\0\0\x7b\x90\xd8\0\0\0\0\0\x7b\x90\xd0\0\0\0\0\0\x7b\x90\xc8\0\0\0\0\
\0\x7b\x90\xc0\0\0\0\0\0\x7b\x90\xb8\0\0\0\0\0\x7b\x90\xb0\0\0\0\0\0\x7b\x90\
\xa8\0\0\0\0\0\x7b\x90\xa0\0\0\0\0\0\x7b\x90\x98\0\0\0\0\0\x7b\x90\x90\0\0\0\0\
\0\x7b\x90\x88\0\0\0\0\0\x7b\x90\x80\0\0\0\0\0\x7b\x90\x78\0\0\0\0\0\x7b\x90\
\x70\0\0\0\0\0\x7b\x90\x68\0\0\0\0\0\x7b\x90\x60\0\0\0\0\0\x7b\x90\x58\0\0\0\0\
\0\x7b\x90\x50\0\0\0\0\0\x7b\x90\x48\0\0\0\0\0\x7b\x90\x40\0\0\0\0\0\x7b\x90\
\x38\0\0\0\0\0\x7b\x90\x30\0\0\0\0\0\x7b\x90\x28\0\0\0\0\0\x7b\x90\x20\0\0\0\0\
\0\x7b\x90\x18\0\0\0\0\0\x7b\x90\x10\0\0\0\0\0\x7b\x90\x08\0\0\0\0\0\x7b\x90\0\
\0\0\0\0\0\xb7\x07\0\0\x60\0\0\0\x79\xa3\xe0\xff\0\0\0\0\x0f\x73\0\0\0\0\0\0\
\xbf\xa1\0\0\0\0\0\0\x07\x01\0\0\xf8\xff\xff\xff\xb7\x02\0\0\x08\0\0\0\xbf\x08\
\0\0\0\0\0\0\x85\0\0\0\x71\0\0\0\x79\xa3\xf8\xff\0\0\0\0\xbf\x81\0\0\0\0\0\0\
\x07\x01\0\0\x28\0\0\0\xb7\x02\0\0\0\x01\0\0\x85\0\0\0\x2d\0\0\0\x79\xa3\xe8\
\xff\0\0\0\0\x0f\x73\0\0\0\0\0\0\xbf\xa1\0\0\0\0\0\0\x07\x01\0\0\xf8\xff\xff\
\xff\xb7\x02\0\0\x08\0\0\0\x85\0\0\0\x71\0\0\0\x79\xa3\xf8\xff\0\0\0\0\xbf\x81\
\0\0\0\0\0\0\x07\x01\0\0\x28\x01\0\0\xb7\x02\0\0\0\x01\0\0\x85\0\0\0\x2d\0\0\0\
\xb7\x01\0\0\x6d\0\0\0\x73\x18\x2c\x02\0\0\0\0\xb7\x01\0\0\x61\0\0\0\x73\x18\
\x2b\x02\0\0\0\0\xb7\x01\0\0\x6e\0\0\0\x73\x18\x2a\x02\0\0\0\0\xb7\x01\0\0\x65\
\0\0\0\x73\x18\x2d\x02\0\0\0\0\x73\x18\x29\x02\0\0\0\0\xb7\x01\0\0\x72\0\0\0\
\x73\x18\x28\x02\0\0\0\0\x73\x98\x2f\x02\0\0\0\0\x73\x98\x2e\x02\0\0\0\0\x73\
\x98\x37\x02\0\0\0\0\x73\x98\x36\x02\0\0\0\0\x73\x98\x35\x02\0\0\0\0\x73\x98\
\x34\x02\0\0\0\0\x73\x98\x33\x02\0\0\0\0\x73\x98\x32\x02\0\0\0\0\x73\x98\x31\
\x02\0\0\0\0\x73\x98\x30\x02\0\0\0\0\x85\0\0\0\x0e\0\0\0\x77\0\0\0\x20\0\0\0\
\x63\x08\0\0\0\0\0\0\x85\0\0\0\x05\0\0\0\x7b\x08\x10\0\0\0\0\0\x85\0\0\0\x0f\0\
\0\0\x63\x08\x04\0\0\0\0\0\x77\0\0\0\x20\0\0\0\x63\x08\x08\0\0\0\0\0\xbf\x81\0\
\0\0\0\0\0\x07\x01\0\0\x18\0\0\0\xb7\x02\0\0\x10\0\0\0\x85\0\0\0\x10\0\0\0\xbf\
\x61\0\0\0\0\0\0\x18\x02\0\0\0\0\0\0\0\0\0\0\0\0\0\0\x18\x03\0\0\xff\xff\xff\
\xff\0\0\0\0\0\0\0\0\xbf\x84\0\0\0\0\0\0\xb7\x05\0\0\x38\x02\0\0\x85\0\0\0\x19\
\0\0\0\xb7\0\0\0\0\0\0\0\x95\0\0\0\0\0\0\0\0\0\0\0\0\0\0\0\x47\x50\x4c\0\0\0\0\
\0\0\0\0\0\0\0\0\0\0\0\0\0\0\0\0\0\0\0\0\0\0\0\0\0\0\0\0\0\0\0\0\0\0\0\0\0\0\0\
\0\0\0\0\0\0\0\0\0\0\0\0\0\0\0\0\0\0\0\0\0\0\0\0\0\0\0\0\0\0\0\0\0\0\0\0\0\0\0\
\0\0\0\0\0\0\0\0\0\0\0\x6f\x70\x65\x6e\0\x72\x65\x61\x64\0\x77\x72\x69\x74\x65\
\0\x63\x72\x65\x61\x74\x65\0\x6c\x69\x6e\x6b\0\x75\x6e\x6c\x69\x6e\x6b\0\x73\
\x79\x6d\x6c\x69\x6e\x6b\0\x6d\x6b\x64\x69\x72\0\x72\x6d\x64\x69\x72\0\x6d\x6b\
\x6e\x6f\x64\0\x72\x65\x6e\x61\x6d\x65\0\0\0\0\0\x90\0\0\0\0\0\0\0\x01\0\0\0\
\x1c\0\0\0\xd0\0\0\0\0\0\0\0\x01\0\0\0\x1d\0\0\0\x10\x04\0\0\0\0\0\0\x01\0\0\0\
\x1e\0\0\0\x58\x05\0\0\0\0\0\0\x01\0\0\0\x1f\0\0\0\x98\0\0\0\0\0\0\0\x01\0\0\0\
\x1c\0\0\0\xe0\0\0\0\0\0\0\0\x01\0\0\0\x1d\0\0\0\xb8\x03\0\0\0\0\0\0\x01\0\0\0\
\x1e\0\0\0\x18\x07\0\0\0\0\0\0\x01\0\0\0\x1f\0\0\0\x80\x08\0\0\0\0\0\0\x01\0\0\
\0\x1f\0\0\0\x50\0\0\0\0\0\0\0\x01\0\0\0\x1c\0\0\0\x90\0\0\0\0\0\0\0\x01\0\0\0\
\x1d\0\0\0\x68\x04\0\0\0\0\0\0\x01\0\0\0\x1f\0\0\0\x50\0\0\0\0\0\0\0\x01\0\0\0\
\x1c\0\0\0\x90\0\0\0\0\0\0\0\x01\0\0\0\x1d\0\0\0\x60\x04\0\0\0\0\0\0\x01\0\0\0\
\x1f\0\0\0\x50\0\0\0\0\0\0\0\x01\0\0\0\x1c\0\0\0\x90\0\0\0\0\0\0\0\x01\0\0\0\
\x1d\0\0\0\x68\x04\0\0\0\0\0\0\x01\0\0\0\x1f\0\0\0\x50\0\0\0\0\0\0\0\x01\0\0\0\
\x1c\0\0\0\x90\0\0\0\0\0\0\0\x01\0\0\0\x1d\0\0\0\x78\x04\0\0\0\0\0\0\x01\0\0\0\
\x1f\0\0\0\x50\0\0\0\0\0\0\0\x01\0\0\0\x1c\0\0\0\x90\0\0\0\0\0\0\0\x01\0\0\0\
\x1d\0\0\0\x68\x04\0\0\0\0\0\0\x01\0\0\0\x1f\0\0\0\x50\0\0\0\0\0\0\0\x01\0\0\0\
\x1c\0\0\0\x90\0\0\0\0\0\0\0\x01\0\0\0\x1d\0\0\0\x60\x04\0\0\0\0\0\0\x01\0\0\0\
\x1f\0\0\0\x50\0\0\0\0\0\0\0\x01\0\0\0\x1c\0\0\0\x90\0\0\0\0\0\0\0\x01\0\0\0\
\x1d\0\0\0\x68\x04\0\0\0\0\0\0\x01\0\0\0\x1f\0\0\0\x70\0\0\0\0\0\0\0\x01\0\0\0\
\x1c\0\0\0\xf8\0\0\0\0\0\0\0\x01\0\0\0\x1d\0\0\0\x28\x05\0\0\0\0\0\0\x01\0\0\0\
\x1f\0\0\0\x9f\xeb\x01\0\x18\0\0\0\0\0\0\0\xa8\x2d\0\0\xa8\x2d\0\0\x17\x21\0\0\
\0\0\0\0\0\0\0\x02\x03\0\0\0\x01\0\0\0\0\0\0\x01\x04\0\0\0\x20\0\0\x01\0\0\0\0\
\0\0\0\x03\0\0\0\0\x02\0\0\0\x04\0\0\0\x04\0\0\0\x05\0\0\0\0\0\0\x01\x04\0\0\0\
\x20\0\0\0\0\0\0\0\x03\0\0\x04\x18\0\0\0\x19\0\0\0\x01\0\0\0\0\0\0\0\x1e\0\0\0\
\x01\0\0\0\x40\0\0\0\x27\0\0\0\x01\0\0\0\x80\0\0\0\x32\0\0\0\0\0\0\x0e\x05\0\0\
\0\x01\0\0\0\0\0\0\0\0\0\0\x02\x08\0\0\0\0\0\0\0\0\0\0\x03\0\0\0\0\x02\0\0\0\
\x04\0\0\0\x01\0\0\0\0\0\0\0\0\0\0\x02\x0a\0\0\0\0\0\0\0\0\0\0\x03\0\0\0\0\x02\
\0\0\0\x04\0\0\0\0\x04\0\0\0\0\0\0\0\0\0\x02\x0c\0\0\0\x39\0\0\0\0\0\0\x08\x0d\
\0\0\0\x3d\0\0\0\0\0\0\x08\x0e\0\0\0\x43\0\0\0\0\0\0\x01\x08\0\0\0\x40\0\0\0\0\
\0\0\0\0\0\0\x02\x10\0\0\0\x56\0\0\0\x08\0\0\x04\x38\x02\0\0\x5d\0\0\0\x11\0\0\
\0\0\0\0\0\x61\0\0\0\x11\0\0\0\x20\0\0\0\x65\0\0\0\x11\0\0\0\x40\0\0\0\x69\0\0\
\0\x0d\0\0\0\x80\0\0\0\x73\0\0\0\x14\0\0\0\xc0\0\0\0\x78\0\0\0\x15\0\0\0\x40\
\x01\0\0\x81\0\0\0\x15\0\0\0\x40\x09\0\0\x8e\0\0\0\x14\0\0\0\x40\x11\0\0\x98\0\
\0\0\0\0\0\x08\x12\0\0\0\x9e\0\0\0\0\0\0\x01\x04\0\0\0\x20\0\0\0\xab\0\0\0\0\0\
\0\x01\x01\0\0\0\x08\0\0\x01\0\0\0\0\0\0\0\x03\0\0\0\0\x13\0\0\0\x04\0\0\0\x10\
\0\0\0\0\0\0\0\0\0\0\x03\0\0\0\0\x13\0\0\0\x04\0\0\0\0\x01\0\0\0\0\0\0\x04\0\0\
\x04\x20\0\0\0\x19\0\0\0\x07\0\0\0\0\0\0\0\xb0\0\0\0\x09\0\0\0\x40\0\0\0\xbc\0\
\0\0\x0b\0\0\0\x80\0\0\0\xc0\0\0\0\x0f\0\0\0\xc0\0\0\0\xc6\0\0\0\0\0\0\x0e\x16\
\0\0\0\x01\0\0\0\0\0\0\0\0\0\0\x02\x19\0\0\0\0\0\0\0\0\0\0\x03\0\0\0\0\x02\0\0\
\0\x04\0\0\0\x06\0\0\0\0\0\0\0\0\0\0\x02\x1b\0\0\0\xd2\0\0\0\0\0\0\x08\x11\0\0\
\0\0\0\0\0\x04\0\0\x04\x20\0\0\0\x19\0\0\0\x18\0\0\0\0\0\0\0\xb0\0\0\0\x07\0\0\
\0\x40\0\0\0\xbc\0\0\0\x1a\0\0\0\x80\0\0\0\xc0\0\0\0\x0f\0\0\0\xc0\0\0\0\xd6\0\
\0\0\0\0\0\x0e\x1c\0\0\0\x01\0\0\0\0\0\0\0\0\0\0\x02\x0e\0\0\0\0\0\0\0\x01\0\0\
\x0d\x02\0\0\0\xe1\0\0\0\x1e\0\0\0\xe5\0\0\0\x01\0\0\x0c\x1f\0\0\0\xef\0\0\0\
\x14\0\0\x04\xc8\x01\0\0\0\0\0\0\x22\0\0\0\0\0\0\0\xf4\0\0\0\x29\0\0\0\x80\0\0\
\0\xfb\0\0\0\x2c\0\0\0\0\x01\0\0\x03\x01\0\0\x2d\0\0\0\x40\x01\0\0\x08\x01\0\0\
\x2f\0\0\0\x80\x01\0\0\x0f\x01\0\0\x57\0\0\0\x80\x03\0\0\x17\x01\0\0\x12\0\0\0\
\xc0\x03\0\0\x1f\x01\0\0\x5d\0\0\0\xe0\x03\0\0\x26\x01\0\0\x5e\0\0\0\0\x04\0\0\
\x31\x01\0\0\x61\0\0\0\x80\x08\0\0\x37\x01\0\0\x63\0\0\0\xc0\x08\0\0\x3f\x01\0\
\0\x71\0\0\0\x80\x0b\0\0\x46\x01\0\0\x73\0\0\0\xc0\x0b\0\0\x4b\x01\0\0\x0c\0\0\
\0\xc0\x0c\0\0\x55\x01\0\0\x40\0\0\0\0\x0d\0\0\x60\x01\0\0\x40\0\0\0\x40\x0d\0\
\0\x6d\x01\0\0\x74\0\0\0\x80\x0d\0\0\x72\x01\0\0\x75\0\0\0\xc0\x0d\0\0\x7c\x01\
\0\0\x76\0\0\0\0\x0e\0\0\x85\x01\0\0\x76\0\0\0\x20\x0e\0\0\0\0\0\0\x03\0\0\x05\
\x10\0\0\0\x8e\x01\0\0\x23\0\0\0\0\0\0\0\x96\x01\0\0\x25\0\0\0\0\0\0\0\xa0\x01\
\0\0\x12\0\0\0\0\0\0\0\xad\x01\0\0\x01\0\0\x04\x08\0\0\0\xb8\x01\0\0\x24\0\0\0\
\0\0\0\0\0\0\0\0\0\0\0\x02\x23\0\0\0\xbd\x01\0\0\x02\0\0\x04\x10\0\0\0\xb8\x01\
\0\0\x26\0\0\0\0\0\0\0\xcb\x01\0\0\x27\0\0\0\x40\0\0\0\0\0\0\0\0\0\0\x02\x25\0\
\0\0\0\0\0\0\0\0\0\x02\x28\0\0\0\0\0\0\0\x01\0\0\x0d\0\0\0\0\0\0\0\0\x26\0\0\0\
\xd0\x01\0\0\x02\0\0\x04\x10\0\0\0\xd5\x01\0\0\x2a\0\0\0\0\0\0\0\xd9\x01\0\0\
\x2b\0\0\0\x40\0\0\0\0\0\0\0\0\0\0\x02\x6f\x01\0\0\0\0\0\0\0\0\0\x02\x77\0\0\0\
\0\0\0\0\0\0\0\x02\x90\0\0\0\0\0\0\0\0\0\0\x02\x2e\0\0\0\0\0\0\0\0\0\0\x0a\xa6\
\0\0\0\xe0\x01\0\0\0\0\0\x08\x30\0\0\0\xeb\x01\0\0\x01\0\0\x04\x40\0\0\0\0\0\0\
\0\x31\0\0\0\0\0\0\0\0\0\0\0\x02\0\0\x05\x40\0\0\0\xf4\x01\0\0\x32\0\0\0\0\0\0\
\0\0\0\0\0\x55\0\0\0\0\0\0\0\xfa\x01\0\0\x05\0\0\x04\x40\0\0\0\x07\x02\0\0\x33\
\0\0\0\0\0\0\0\x10\x02\0\0\x12\0\0\0\x20\0\0\0\x16\x02\0\0\x12\0\0\0\x40\0\0\0\
\x20\x02\0\0\x40\0\0\0\x80\0\0\0\x26\x02\0\0\x41\0\0\0\xc0\0\0\0\x2e\x02\0\0\0\
\0\0\x08\x34\0\0\0\x3e\x02\0\0\x01\0\0\x04\x04\0\0\0\0\0\0\0\x35\0\0\0\0\0\0\0\
\0\0\0\0\x03\0\0\x05\x04\0\0\0\x48\x02\0\0\x36\0\0\0\0\0\0\0\0\0\0\0\x38\0\0\0\
\0\0\0\0\0\0\0\0\x3c\0\0\0\0\0\0\0\x4c\x02\0\0\0\0\0\x08\x37\0\0\0\0\0\0\0\x01\
\0\0\x04\x04\0\0\0\x55\x02\0\0\x02\0\0\0\0\0\0\0\0\0\0\0\x02\0\0\x04\x02\0\0\0\
\x5d\x02\0\0\x39\0\0\0\0\0\0\0\x64\x02\0\0\x39\0\0\0\x08\0\0\0\x6c\x02\0\0\0\0\
\0\x08\x3a\0\0\0\x6f\x02\0\0\0\0\0\x08\x3b\0\0\0\x74\x02\0\0\0\0\0\x01\x01\0\0\
\0\x08\0\0\0\0\0\0\0\x02\0\0\x04\x04\0\0\0\x82\x02\0\0\x3d\0\0\0\0\0\0\0\x91\
\x02\0\0\x3d\0\0\0\x10\0\0\0\x96\x02\0\0\0\0\0\x08\x3e\0\0\0\x9a\x02\0\0\0\0\0\
\x08\x3f\0\0\0\xa0\x02\0\0\0\0\0\x01\x02\0\0\0\x10\0\0\0\0\0\0\0\0\0\0\x02\0\0\
\0\0\xaf\x02\0\0\x06\0\0\x04\x28\0\0\0\xbc\0\0\0\x42\0\0\0\0\0\0\0\xbb\x02\0\0\
\x54\0\0\0\x40\0\0\0\xc7\x02\0\0\x52\0\0\0\xc0\0\0\0\xcc\x02\0\0\x39\0\0\0\0\
\x01\0\0\xdc\x02\0\0\x39\0\0\0\x08\x01\0\0\xec\x02\0\0\x39\0\0\0\x10\x01\0\0\0\
\0\0\0\0\0\0\x02\x70\x01\0\0\0\0\0\0\0\0\0\x02\x44\0\0\0\xf6\x02\0\0\x0e\0\0\
\x04\xc0\0\0\0\x01\x03\0\0\x45\0\0\0\0\0\0\0\x0c\x03\0\0\x48\0\0\0\x80\0\0\0\
\x17\x03\0\0\x48\0\0\0\0\x01\0\0\x23\x03\0\0\x48\0\0\0\x80\x01\0\0\xbc\0\0\0\
\x4a\0\0\0\0\x02\0\0\x30\x03\0\0\x12\0\0\0\x40\x02\0\0\x39\x03\0\0\x12\0\0\0\
\x60\x02\0\0\x44\x03\0\0\x4c\0\0\0\x80\x02\0\0\x4f\x03\0\0\x51\0\0\0\xc0\x02\0\
\0\x5c\x03\0\0\x02\0\0\0\x40\x05\0\0\xc7\x02\0\0\x52\0\0\0\x80\x05\0\0\xdc\x02\
\0\0\x39\0\0\0\xc0\x05\0\0\xcc\x02\0\0\x39\0\0\0\xc8\x05\0\0\xec\x02\0\0\x39\0\
\0\0\xd0\x05\0\0\x69\x03\0\0\x02\0\0\x04\x10\0\0\0\xb8\x01\0\0\x46\0\0\0\0\0\0\
\0\x74\x03\0\0\x47\0\0\0\x40\0\0\0\0\0\0\0\0\0\0\x02\x45\0\0\0\0\0\0\0\0\0\0\
\x02\x46\0\0\0\x7a\x03\0\0\x02\0\0\x04\x10\0\0\0\xb8\x01\0\0\x49\0\0\0\0\0\0\0\
\x84\x03\0\0\x49\0\0\0\x40\0\0\0\0\0\0\0\0\0\0\x02\x48\0\0\0\0\0\0\0\0\0\0\x02\
\x4b\0\0\0\0\0\0\0\0\0\0\x0a\x71\x01\0\0\x89\x03\0\0\0\0\0\x01\x08\0\0\0\x40\0\
\0\0\0\0\0\0\0\0\0\x02\x4e\0\0\0\0\0\0\0\0\0\0\x0a\x4f\0\0\0\x97\x03\0\0\x04\0\
\0\x04\x18\0\0\0\x01\x03\0\0\x45\0\0\0\0\0\0\0\xa2\x03\0\0\x1b\0\0\0\x80\0\0\0\
\xa7\x03\0\0\x1b\0\0\0\xa0\0\0\0\xb2\x03\0\0\x50\0\0\0\xc0\0\0\0\0\0\0\0\0\0\0\
\x03\0\0\0\0\x4c\0\0\0\x04\0\0\0\0\0\0\0\0\0\0\0\0\0\0\x03\0\0\0\0\x4d\0\0\0\
\x04\0\0\0\x0a\0\0\0\0\0\0\0\0\0\0\x02\x53\0\0\0\0\0\0\0\0\0\0\x0a\x13\0\0\0\0\
\0\0\0\0\0\0\x03\0\0\0\0\x43\0\0\0\x04\0\0\0\x02\0\0\0\0\0\0\0\x02\0\0\x04\x40\
\0\0\0\xba\x03\0\0\x56\0\0\0\0\0\0\0\x26\x02\0\0\x41\0\0\0\xc0\0\0\0\0\0\0\0\0\
\0\0\x03\0\0\0\0\x39\0\0\0\x04\0\0\0\x18\0\0\0\xc4\x03\0\0\0\0\0\x08\x58\0\0\0\
\xd2\x03\0\0\0\0\0\x08\x59\0\0\0\0\0\0\0\x01\0\0\x04\x08\0\0\0\x55\x02\0\0\x5a\
\0\0\0\0\0\0\0\xdd\x03\0\0\0\0\0\x08\x5b\0\0\0\xe1\x03\0\0\0\0\0\x08\x5c\0\0\0\
\xe7\x03\0\0\0\0\0\x01\x08\0\0\0\x40\0\0\x01\xf1\x03\0\0\0\0\0\x08\x12\0\0\0\
\xf9\x03\0\0\x06\0\0\x04\x90\0\0\0\x20\x02\0\0\x57\0\0\0\0\0\0\0\xff\x03\0\0\
\x5f\0\0\0\x40\0\0\0\x09\x04\0\0\x60\0\0\0\x40\x02\0\0\x0d\x04\0\0\x48\0\0\0\
\x80\x02\0\0\x10\x02\0\0\x40\0\0\0\0\x03\0\0\x26\x02\0\0\x41\0\0\0\x40\x03\0\0\
\x17\x04\0\0\0\0\0\x08\x32\0\0\0\x26\x04\0\0\x01\0\0\x04\x04\0\0\0\x91\x02\0\0\
\x36\0\0\0\0\0\0\0\x3c\x04\0\0\0\0\0\x08\x62\0\0\0\x43\x04\0\0\0\0\0\x08\x5c\0\
\0\0\x53\x04\0\0\x06\0\0\x04\x58\0\0\0\x5f\x04\0\0\x64\0\0\0\0\0\0\0\x5d\0\0\0\
\x6b\0\0\0\0\x02\0\0\x64\x04\0\0\x6c\0\0\0\x40\x02\0\0\x61\0\0\0\x6d\0\0\0\x60\
\x02\0\0\x6d\x04\0\0\x6d\0\0\0\x80\x02\0\0\x72\x04\0\0\x02\0\0\0\xa0\x02\0\0\
\x79\x04\0\0\0\0\0\x08\x65\0\0\0\0\0\0\0\x05\0\0\x04\x40\0\0\0\x07\x02\0\0\x66\
\0\0\0\0\0\0\0\x10\x02\0\0\x12\0\0\0\x40\0\0\0\x16\x02\0\0\x12\0\0\0\x60\0\0\0\
\x20\x02\0\0\x40\0\0\0\x80\0\0\0\x26\x02\0\0\x41\0\0\0\xc0\0\0\0\x82\x04\0\0\0\
\0\0\x08\x67\0\0\0\x90\x04\0\0\x02\0\0\x04\x08\0\0\0\0\0\0\0\x68\0\0\0\0\0\0\0\
\xff\x03\0\0\x33\0\0\0\x20\0\0\0\0\0\0\0\x02\0\0\x05\x04\0\0\0\x98\x04\0\0\x36\
\0\0\0\0\0\0\0\0\0\0\0\x69\0\0\0\0\0\0\0\0\0\0\0\x02\0\0\x04\x04\0\0\0\x9d\x04\
\0\0\x39\0\0\0\0\0\0\0\xa5\x04\0\0\x6a\0\0\0\x08\0\0\0\0\0\0\0\0\0\0\x03\0\0\0\
\0\x39\0\0\0\x04\0\0\0\x03\0\0\0\0\0\0\0\0\0\0\x02\x8d\x01\0\0\x64\x04\0\0\x05\
\0\0\x06\x04\0\0\0\xae\x04\0\0\0\0\0\0\xba\x04\0\0\x01\0\0\0\xc7\x04\0\0\x02\0\
\0\0\xd4\x04\0\0\x03\0\0\0\xe0\x04\0\0\x04\0\0\0\xec\x04\0\0\0\0\0\x08\x6e\0\0\
\0\0\0\0\0\x01\0\0\x04\x04\0\0\0\x48\x02\0\0\x6f\0\0\0\0\0\0\0\xf3\x04\0\0\0\0\
\0\x08\x70\0\0\0\xf9\x04\0\0\0\0\0\x08\x12\0\0\0\0\0\0\0\0\0\0\x02\x72\0\0\0\0\
\0\0\0\0\0\0\x0a\x86\x01\0\0\x0a\x05\0\0\x06\0\0\x04\x20\0\0\0\x18\x05\0\0\x4c\
\0\0\0\0\0\0\0\x1e\x05\0\0\x12\0\0\0\x40\0\0\0\x23\x05\0\0\x12\0\0\0\x60\0\0\0\
\x2e\x05\0\0\x12\0\0\0\x80\0\0\0\x37\x05\0\0\x12\0\0\0\xa0\0\0\0\x41\x05\0\0\
\x61\0\0\0\xc0\0\0\0\0\0\0\0\0\0\0\x02\xa4\0\0\0\0\0\0\0\0\0\0\x02\x53\x01\0\0\
\x4a\x05\0\0\0\0\0\x08\x1b\0\0\0\xd9\x01\0\0\x10\0\0\x04\x38\x01\0\0\x53\x05\0\
\0\x12\0\0\0\0\0\0\0\x5b\x05\0\0\x78\0\0\0\x40\0\0\0\x61\x05\0\0\x7d\0\0\0\0\
\x02\0\0\x68\x05\0\0\x2b\0\0\0\x80\x02\0\0\x71\x05\0\0\x80\0\0\0\xc0\x02\0\0\
\x78\x05\0\0\x2c\0\0\0\x40\x03\0\0\x80\x05\0\0\x85\0\0\0\x80\x03\0\0\x88\x05\0\
\0\x86\0\0\0\x80\x04\0\0\x92\x05\0\0\x89\0\0\0\xc0\x06\0\0\x97\x05\0\0\x8b\0\0\
\0\0\x07\0\0\x9c\x05\0\0\x4c\0\0\0\x40\x07\0\0\xa3\x05\0\0\x40\0\0\0\x80\x07\0\
\0\0\0\0\0\x8c\0\0\0\xc0\x07\0\0\xac\x05\0\0\x48\0\0\0\x40\x08\0\0\xb4\x05\0\0\
\x48\0\0\0\xc0\x08\0\0\xbe\x05\0\0\x8f\0\0\0\x40\x09\0\0\xc2\x05\0\0\0\0\0\x08\
\x79\0\0\0\xd6\x05\0\0\x02\0\0\x04\x38\0\0\0\xe8\x05\0\0\x7a\0\0\0\0\0\0\0\x5f\
\x04\0\0\x7c\0\0\0\x80\x01\0\0\xf1\x05\0\0\0\0\0\x08\x7b\0\0\0\xe8\x05\0\0\x02\
\0\0\x04\x30\0\0\0\xfc\x05\0\0\x12\0\0\0\0\0\0\0\x26\x02\0\0\x41\0\0\0\x40\0\0\
\0\0\0\0\0\0\0\0\x02\x2f\0\0\0\x05\x06\0\0\x02\0\0\x04\x10\0\0\0\xb8\x01\0\0\
\x7e\0\0\0\0\0\0\0\x74\x03\0\0\x7f\0\0\0\x40\0\0\0\0\0\0\0\0\0\0\x02\x7d\0\0\0\
\0\0\0\0\0\0\0\x02\x7e\0\0\0\x13\x06\0\0\x02\0\0\x04\x10\0\0\0\0\0\0\0\x81\0\0\
\0\0\0\0\0\xc7\x02\0\0\x83\0\0\0\x40\0\0\0\0\0\0\0\x02\0\0\x05\x08\0\0\0\0\0\0\
\0\x82\0\0\0\0\0\0\0\x18\x06\0\0\x0c\0\0\0\0\0\0\0\0\0\0\0\x02\0\0\x04\x08\0\0\
\0\xa2\x03\0\0\x1b\0\0\0\0\0\0\0\x21\x06\0\0\x1b\0\0\0\x20\0\0\0\0\0\0\0\0\0\0\
\x02\x84\0\0\0\0\0\0\0\0\0\0\x0a\x3b\0\0\0\0\0\0\0\0\0\0\x03\0\0\0\0\x3b\0\0\0\
\x04\0\0\0\x20\0\0\0\x25\x06\0\0\x01\0\0\x04\x48\0\0\0\0\0\0\0\x87\0\0\0\0\0\0\
\0\0\0\0\0\x01\0\0\x05\x48\0\0\0\0\0\0\0\x88\0\0\0\0\0\0\0\0\0\0\0\x02\0\0\x04\
\x48\0\0\0\x5f\x04\0\0\x2f\0\0\0\0\0\0\0\x2d\x06\0\0\x02\0\0\0\0\x02\0\0\0\0\0\
\0\0\0\0\x02\x8a\0\0\0\0\0\0\0\0\0\0\x0a\x8a\x01\0\0\0\0\0\0\0\0\0\x02\x85\x01\
\0\0\0\0\0\0\x02\0\0\x05\x10\0\0\0\x33\x06\0\0\x48\0\0\0\0\0\0\0\x39\x06\0\0\
\x8d\0\0\0\0\0\0\0\0\0\0\0\0\0\0\x02\x8e\0\0\0\x40\x06\0\0\0\0\0\x08\xe4\0\0\0\
\0\0\0\0\x03\0\0\x05\x10\0\0\0\x52\x06\0\0\x45\0\0\0\0\0\0\0\x5a\x06\0\0\x7d\0\
\0\0\0\0\0\0\x6b\x06\0\0\x25\0\0\0\0\0\0\0\x71\x06\0\0\x34\0\0\x04\x78\x04\0\0\
\x77\x06\0\0\x91\0\0\0\0\0\0\0\x7e\x06\0\0\x3f\0\0\0\x10\0\0\0\x88\x06\0\0\x6d\
\0\0\0\x20\0\0\0\x8e\x06\0\0\x92\0\0\0\x40\0\0\0\x94\x06\0\0\x12\0\0\0\x60\0\0\
\0\x9c\x06\0\0\x96\0\0\0\x80\0\0\0\xa2\x06\0\0\x96\0\0\0\xc0\0\0\0\xb0\x06\0\0\
\x97\0\0\0\0\x01\0\0\xb5\x06\0\0\x8b\0\0\0\x40\x01\0\0\xba\x06\0\0\x75\0\0\0\
\x80\x01\0\0\xc4\x06\0\0\x40\0\0\0\xc0\x01\0\0\xcf\x06\0\0\x4c\0\0\0\0\x02\0\0\
\0\0\0\0\x99\0\0\0\x40\x02\0\0\xd5\x06\0\0\x9b\0\0\0\x60\x02\0\0\xdc\x06\0\0\
\x61\0\0\0\x80\x02\0\0\xe3\x06\0\0\x9d\0\0\0\xc0\x02\0\0\xeb\x06\0\0\x9d\0\0\0\
\x40\x03\0\0\xf3\x06\0\0\x9d\0\0\0\xc0\x03\0\0\xfb\x06\0\0\x2f\0\0\0\x40\x04\0\
\0\x02\x07\0\0\x3f\0\0\0\x40\x06\0\0\x0a\x07\0\0\x39\0\0\0\x50\x06\0\0\x14\x07\
\0\0\x39\0\0\0\x58\x06\0\0\x21\x07\0\0\xa0\0\0\0\x80\x06\0\0\x2a\x07\0\0\x4c\0\
\0\0\xc0\x06\0\0\x32\x07\0\0\xa1\0\0\0\0\x07\0\0\x3a\x07\0\0\x4c\0\0\0\xc0\x0b\
\0\0\x47\x07\0\0\x4c\0\0\0\0\x0c\0\0\x59\x07\0\0\x45\0\0\0\x40\x0c\0\0\x60\x07\
\0\0\x48\0\0\0\xc0\x0c\0\0\x6a\x07\0\0\xa2\0\0\0\x40\x0d\0\0\x6f\x07\0\0\x02\0\
\0\0\x80\x0d\0\0\x7f\x07\0\0\x3d\0\0\0\xa0\x0d\0\0\x91\x07\0\0\x3d\0\0\0\xb0\
\x0d\0\0\xa2\x07\0\0\x48\0\0\0\xc0\x0d\0\0\xa8\x07\0\0\x48\0\0\0\x40\x0e\0\0\
\xb2\x07\0\0\x48\0\0\0\xc0\x0e\0\0\0\0\0\0\xa3\0\0\0\x40\x0f\0\0\xbc\x07\0\0\
\x58\0\0\0\xc0\x0f\0\0\xc6\x07\0\0\x58\0\0\0\0\x10\0\0\xd1\x07\0\0\x36\0\0\0\
\x40\x10\0\0\xd9\x07\0\0\x36\0\0\0\x60\x10\0\0\xe5\x07\0\0\x36\0\0\0\x80\x10\0\
\0\xf2\x07\0\0\x36\0\0\0\xa0\x10\0\0\0\0\0\0\xa5\0\0\0\xc0\x10\0\0\xfe\x07\0\0\
\x52\x01\0\0\0\x11\0\0\x06\x08\0\0\x53\x01\0\0\x40\x11\0\0\x0d\x08\0\0\x48\0\0\
\0\x40\x22\0\0\0\0\0\0\x5a\x01\0\0\xc0\x22\0\0\x17\x08\0\0\x11\0\0\0\0\x23\0\0\
\x24\x08\0\0\x11\0\0\0\x20\x23\0\0\x34\x08\0\0\x5c\x01\0\0\x40\x23\0\0\x45\x08\
\0\0\x40\0\0\0\x80\x23\0\0\x4f\x08\0\0\0\0\0\x08\x3f\0\0\0\x57\x08\0\0\0\0\0\
\x08\x93\0\0\0\0\0\0\0\x01\0\0\x04\x04\0\0\0\x48\x02\0\0\x94\0\0\0\0\0\0\0\x5e\
\x08\0\0\0\0\0\x08\x95\0\0\0\x64\x08\0\0\0\0\0\x08\x12\0\0\0\0\0\0\0\0\0\0\x02\
\x73\x01\0\0\0\0\0\0\0\0\0\x02\x98\0\0\0\0\0\0\0\0\0\0\x0a\x74\x01\0\0\0\0\0\0\
\x02\0\0\x05\x04\0\0\0\x75\x08\0\0\x9a\0\0\0\0\0\0\0\x7d\x08\0\0\x12\0\0\0\0\0\
\0\0\0\0\0\0\0\0\0\x0a\x12\0\0\0\x87\x08\0\0\0\0\0\x08\x9c\0\0\0\x8d\x08\0\0\0\
\0\0\x08\x1b\0\0\0\x9c\x08\0\0\x02\0\0\x04\x10\0\0\0\xa7\x08\0\0\x9e\0\0\0\0\0\
\0\0\xae\x08\0\0\x9f\0\0\0\x40\0\0\0\xb6\x08\0\0\0\0\0\x08\x5b\0\0\0\xbf\x08\0\
\0\0\0\0\x01\x08\0\0\0\x40\0\0\x01\xc4\x08\0\0\0\0\0\x08\x0c\0\0\0\xcd\x08\0\0\
\x07\0\0\x04\x98\0\0\0\x2d\x06\0\0\x57\0\0\0\0\0\0\0\x20\x02\0\0\x57\0\0\0\x40\
\0\0\0\x09\x04\0\0\x60\0\0\0\x80\0\0\0\xff\x03\0\0\x5f\0\0\0\xc0\0\0\0\x0d\x04\
\0\0\x48\0\0\0\xc0\x02\0\0\x10\x02\0\0\x40\0\0\0\x40\x03\0\0\x26\x02\0\0\x41\0\
\0\0\x80\x03\0\0\0\0\0\0\0\0\0\x02\x88\x01\0\0\0\0\0\0\x02\0\0\x05\x10\0\0\0\
\xda\x08\0\0\xa4\0\0\0\0\0\0\0\xe3\x08\0\0\x25\0\0\0\0\0\0\0\xe9\x08\0\0\x01\0\
\0\x04\x08\0\0\0\xf4\x08\0\0\x46\0\0\0\0\0\0\0\0\0\0\0\x02\0\0\x05\x08\0\0\0\
\xfa\x08\0\0\x2d\0\0\0\0\0\0\0\0\x09\0\0\x50\x01\0\0\0\0\0\0\x0b\x09\0\0\x22\0\
\0\x04\x10\x01\0\0\x20\x02\0\0\xa7\0\0\0\0\0\0\0\x1b\x09\0\0\xa8\0\0\0\x40\0\0\
\0\x22\x09\0\0\xab\0\0\0\x80\0\0\0\x27\x09\0\0\xb5\0\0\0\xc0\0\0\0\x2d\x09\0\0\
\xb7\0\0\0\0\x01\0\0\x37\x09\0\0\xb7\0\0\0\x40\x01\0\0\x42\x09\0\0\xce\0\0\0\
\x80\x01\0\0\x49\x09\0\0\xd5\0\0\0\xc0\x01\0\0\x51\x09\0\0\xd5\0\0\0\0\x02\0\0\
\x60\x09\0\0\xdc\0\0\0\x40\x02\0\0\x65\x09\0\0\xe5\0\0\0\x80\x02\0\0\x74\x09\0\
\0\xe5\0\0\0\xc0\x02\0\0\x81\x09\0\0\xe7\0\0\0\0\x03\0\0\x86\x09\0\0\x4c\0\0\0\
\x40\x03\0\0\x9b\x09\0\0\xfa\0\0\0\x80\x03\0\0\xa0\x09\0\0\xfc\0\0\0\xc0\x03\0\
\0\xa6\x09\0\0\xfa\0\0\0\0\x04\0\0\xae\x09\0\0\xff\0\0\0\x40\x04\0\0\xb4\x09\0\
\0\x01\x01\0\0\x80\x04\0\0\x5f\x04\0\0\x03\x01\0\0\xc0\x04\0\0\xbb\x09\0\0\x14\
\x01\0\0\0\x05\0\0\xc4\x09\0\0\x27\x01\0\0\x40\x05\0\0\xd6\x09\0\0\x29\x01\0\0\
\x80\x05\0\0\xe2\x09\0\0\x03\x01\0\0\xc0\x05\0\0\xe8\x09\0\0\x2b\x01\0\0\0\x06\
\0\0\xf5\x09\0\0\x30\x01\0\0\x40\x06\0\0\x01\x0a\0\0\x32\x01\0\0\x80\x06\0\0\
\x0a\x0a\0\0\x36\x01\0\0\xc0\x06\0\0\x14\x0a\0\0\x38\x01\0\0\0\x07\0\0\x20\x0a\
\0\0\x40\x01\0\0\x40\x07\0\0\x30\x0a\0\0\x42\x01\0\0\x80\x07\0\0\x41\x0a\0\0\
\xff\0\0\0\xc0\x07\0\0\x49\x0a\0\0\x44\x01\0\0\0\x08\0\0\x53\x0a\0\0\x4e\x01\0\
\0\x40\x08\0\0\0\0\0\0\0\0\0\x02\x72\x01\0\0\0\0\0\0\0\0\0\x02\xa9\0\0\0\0\0\0\
\0\x03\0\0\x0d\x61\0\0\0\0\0\0\0\xaa\0\0\0\0\0\0\0\x61\0\0\0\0\0\0\0\x02\0\0\0\
\0\0\0\0\0\0\0\x02\x21\0\0\0\0\0\0\0\0\0\0\x02\xac\0\0\0\0\0\0\0\x04\0\0\x0d\
\xad\0\0\0\0\0\0\0\xaa\0\0\0\0\0\0\0\xb0\0\0\0\0\0\0\0\xb1\0\0\0\0\0\0\0\xb4\0\
\0\0\x64\x0a\0\0\0\0\0\x08\xae\0\0\0\x6c\x0a\0\0\0\0\0\x08\xaf\0\0\0\x7d\x0a\0\
\0\0\0\0\x08\x9f\0\0\0\0\0\0\0\0\0\0\x02\x13\0\0\0\x8d\x0a\0\0\0\0\0\x08\xb2\0\
\0\0\x94\x0a\0\0\0\0\0\x08\xb3\0\0\0\xa4\x0a\0\0\0\0\0\x08\x4c\0\0\0\0\0\0\0\0\
\0\0\x02\x61\0\0\0\0\0\0\0\0\0\0\x02\xb6\0\0\0\0\0\0\0\x04\0\0\x0d\xad\0\0\0\0\
\0\0\0\xaa\0\0\0\0\0\0\0\x52\0\0\0\0\0\0\0\xb1\0\0\0\0\0\0\0\xb4\0\0\0\0\0\0\0\
\0\0\0\x02\xb8\0\0\0\0\0\0\0\x02\0\0\x0d\xad\0\0\0\0\0\0\0\xb9\0\0\0\0\0\0\0\
\xbe\0\0\0\0\0\0\0\0\0\0\x02\xba\0\0\0\xb5\x0a\0\0\x07\0\0\x04\x30\0\0\0\xbb\
\x0a\0\0\xaa\0\0\0\0\0\0\0\xc3\x0a\0\0\x61\0\0\0\x40\0\0\0\xca\x0a\0\0\xbb\0\0\
\0\x80\0\0\0\xd6\x0a\0\0\x40\0\0\0\xc0\0\0\0\xde\x0a\0\0\x02\0\0\0\0\x01\0\0\
\xe7\x0a\0\0\x3d\0\0\0\x20\x01\0\0\xf1\x0a\0\0\xbd\0\0\0\x40\x01\0\0\0\0\0\0\0\
\0\0\x02\xbc\0\0\0\0\0\0\0\x02\0\0\x0d\0\0\0\0\0\0\0\0\xb9\0\0\0\0\0\0\0\x9f\0\
\0\0\0\0\0\0\0\0\0\x02\x80\x01\0\0\0\0\0\0\0\0\0\x02\xbf\0\0\0\xfa\x0a\0\0\x08\
\0\0\x04\x28\0\0\0\x03\x0b\0\0\x39\0\0\0\0\0\0\0\x0d\x0b\0\0\xc0\0\0\0\x08\0\0\
\0\x15\x0b\0\0\xc0\0\0\0\x10\0\0\0\x21\x0b\0\0\xc0\0\0\0\x18\0\0\0\0\0\0\0\xc2\
\0\0\0\x40\0\0\0\x2d\x06\0\0\xb1\0\0\0\x80\0\0\0\0\0\0\0\xc3\0\0\0\xc0\0\0\0\0\
\0\0\0\xcc\0\0\0\0\x01\0\0\x2d\x0b\0\0\0\0\0\x08\xc1\0\0\0\x32\x0b\0\0\0\0\0\
\x01\x01\0\0\0\x08\0\0\x04\0\0\0\0\x02\0\0\x05\x08\0\0\0\x38\x0b\0\0\xb1\0\0\0\
\0\0\0\0\x43\x0b\0\0\x02\0\0\0\0\0\0\0\0\0\0\0\x06\0\0\x05\x08\0\0\0\x4f\x0b\0\
\0\xc4\0\0\0\0\0\0\0\x53\x0b\0\0\xc6\0\0\0\0\0\0\0\x58\x0b\0\0\xc8\0\0\0\0\0\0\
\0\x5d\x0b\0\0\xca\0\0\0\0\0\0\0\x64\x0b\0\0\xcb\0\0\0\0\0\0\0\x69\x0b\0\0\x40\
\0\0\0\0\0\0\0\0\0\0\0\0\0\0\x02\xc5\0\0\0\0\0\0\0\0\0\0\x0a\x7a\x01\0\0\0\0\0\
\0\0\0\0\x02\xc7\0\0\0\0\0\0\0\0\0\0\x0a\x7b\x01\0\0\0\0\0\0\0\0\0\x02\xc9\0\0\
\0\0\0\0\0\0\0\0\x0a\x7c\x01\0\0\0\0\0\0\0\0\0\x02\x54\x01\0\0\0\0\0\0\0\0\0\
\x02\x2d\x01\0\0\0\0\0\0\x03\0\0\x05\x08\0\0\0\x6e\x0b\0\0\x4c\0\0\0\0\0\0\0\0\
\0\0\0\xcd\0\0\0\0\0\0\0\x76\x0b\0\0\x61\0\0\0\0\0\0\0\0\0\0\0\x02\0\0\x04\x08\
\0\0\0\x83\x0b\0\0\x12\0\0\0\0\0\0\0\x88\x0b\0\0\x12\0\0\0\x20\0\0\0\0\0\0\0\0\
\0\0\x02\xcf\0\0\0\0\0\0\0\x03\0\0\x0d\x02\0\0\0\0\0\0\0\xb9\0\0\0\0\0\0\0\xd0\
\0\0\0\0\0\0\0\x12\0\0\0\0\0\0\0\0\0\0\x02\xd1\0\0\0\x93\x0b\0\0\x03\0\0\x04\
\x18\0\0\0\xa1\x0b\0\0\xd2\0\0\0\0\0\0\0\xaa\x0b\0\0\xc0\0\0\0\x40\0\0\0\xb2\
\x0b\0\0\xd3\0\0\0\x80\0\0\0\0\0\0\0\0\0\0\x02\x79\x01\0\0\0\0\0\0\0\0\0\x02\
\xd4\0\0\0\0\0\0\0\x01\0\0\x0d\0\0\0\0\0\0\0\0\xd0\0\0\0\0\0\0\0\0\0\0\x02\xd6\
\0\0\0\0\0\0\0\x02\0\0\x0d\x02\0\0\0\0\0\0\0\xaa\0\0\0\0\0\0\0\xd7\0\0\0\0\0\0\
\0\0\0\0\x02\xd8\0\0\0\xbb\x0b\0\0\x02\0\0\x04\x10\0\0\0\xc7\x0b\0\0\xd9\0\0\0\
\0\0\0\0\xcd\x0b\0\0\x61\0\0\0\x40\0\0\0\xd1\x0b\0\0\0\0\0\x08\xda\0\0\0\0\0\0\
\0\0\0\0\x02\xdb\0\0\0\0\0\0\0\x06\0\0\x0d\xc0\0\0\0\0\0\0\0\xd7\0\0\0\0\0\0\0\
\x52\0\0\0\0\0\0\0\x02\0\0\0\0\0\0\0\x61\0\0\0\0\0\0\0\x0c\0\0\0\0\0\0\0\x12\0\
\0\0\0\0\0\0\0\0\0\x02\xdd\0\0\0\0\0\0\0\x02\0\0\x0d\xde\0\0\0\0\0\0\0\xaa\0\0\
\0\0\0\0\0\xdf\0\0\0\xdb\x0b\0\0\0\0\0\x08\x12\0\0\0\0\0\0\0\0\0\0\x02\xe0\0\0\
\0\xe4\x0b\0\0\x02\0\0\x04\x10\0\0\0\xf6\x0b\0\0\xe1\0\0\0\0\0\0\0\xfd\x0b\0\0\
\xde\0\0\0\x40\0\0\0\x02\x0c\0\0\0\0\0\x08\xe2\0\0\0\0\0\0\0\0\0\0\x02\xe3\0\0\
\0\0\0\0\0\x03\0\0\x0d\0\0\0\0\0\0\0\0\xaa\0\0\0\0\0\0\0\x8d\0\0\0\0\0\0\0\xdf\
\0\0\0\x12\x0c\0\0\x02\0\0\x04\x50\0\0\0\x5f\x04\0\0\x2f\0\0\0\0\0\0\0\x83\x0b\
\0\0\x48\0\0\0\0\x02\0\0\0\0\0\0\0\0\0\x02\xe6\0\0\0\0\0\0\0\x03\0\0\x0d\x9f\0\
\0\0\0\0\0\0\xaa\0\0\0\0\0\0\0\x12\0\0\0\0\0\0\0\x4c\0\0\0\0\0\0\0\0\0\0\x02\
\xe8\0\0\0\0\0\0\0\x02\0\0\x0d\x02\0\0\0\0\0\0\0\xaa\0\0\0\0\0\0\0\xe9\0\0\0\0\
\0\0\0\0\0\0\x02\xea\0\0\0\x22\x0c\0\0\x0f\0\0\x04\x98\0\0\0\x31\x0c\0\0\x4c\0\
\0\0\0\0\0\0\x3a\x0c\0\0\x4c\0\0\0\x40\0\0\0\x41\x0c\0\0\xeb\0\0\0\x80\0\0\0\
\x47\x0c\0\0\xec\0\0\0\xc0\0\0\0\x54\x0c\0\0\x4c\0\0\0\0\x01\0\0\0\0\0\0\xef\0\
\0\0\x40\x01\0\0\x5d\x0c\0\0\x48\0\0\0\x40\x02\0\0\x6c\x0c\0\0\xf4\0\0\0\xc0\
\x02\0\0\x75\x0c\0\0\xf5\0\0\0\0\x03\0\0\x7c\x0c\0\0\x4c\0\0\0\x40\x03\0\0\x85\
\x0c\0\0\xaa\0\0\0\x80\x03\0\0\x8d\x0c\0\0\x40\0\0\0\xc0\x03\0\0\x9d\x0c\0\0\
\x57\0\0\0\0\x04\0\0\xb1\x0c\0\0\xf7\0\0\0\x40\x04\0\0\xbb\x0c\0\0\xf8\0\0\0\
\x80\x04\0\0\0\0\0\0\0\0\0\x02\x75\x01\0\0\xce\x0c\0\0\0\0\0\x08\xed\0\0\0\xd7\
\x0c\0\0\x01\0\0\x04\x08\0\0\0\xd7\x0c\0\0\xee\0\0\0\0\0\0\0\xde\x0c\0\0\0\0\0\
\x08\x4c\0\0\0\0\0\0\0\x02\0\0\x05\x20\0\0\0\xea\x0c\0\0\xf0\0\0\0\0\0\0\0\xf1\
\x0c\0\0\xf3\0\0\0\0\0\0\0\0\0\0\0\x02\0\0\x04\x20\0\0\0\xfb\x0c\0\0\xf1\0\0\0\
\0\0\0\0\xfe\x0c\0\0\x4c\0\0\0\xc0\0\0\0\x0e\x0d\0\0\x03\0\0\x04\x18\0\0\0\x16\
\x0d\0\0\x4c\0\0\0\0\0\0\0\x28\x0d\0\0\xf2\0\0\0\x40\0\0\0\x31\x0d\0\0\xf2\0\0\
\0\x80\0\0\0\0\0\0\0\0\0\0\x02\xf1\0\0\0\0\0\0\0\0\0\0\x02\x81\x01\0\0\0\0\0\0\
\0\0\0\x02\x82\x01\0\0\0\0\0\0\0\0\0\x02\xf6\0\0\0\0\0\0\0\0\0\0\x0a\x83\x01\0\
\0\0\0\0\0\0\0\0\x02\x84\x01\0\0\xbb\x0c\0\0\x01\0\0\x04\x08\0\0\0\xe1\0\0\0\
\xf9\0\0\0\0\0\0\0\0\0\0\0\0\0\0\x02\x78\x01\0\0\0\0\0\0\0\0\0\x02\xfb\0\0\0\0\
\0\0\0\x02\0\0\x0d\x02\0\0\0\0\0\0\0\x2c\0\0\0\0\0\0\0\xaa\0\0\0\0\0\0\0\0\0\0\
\x02\xfd\0\0\0\0\0\0\0\x02\0\0\x0d\x02\0\0\0\0\0\0\0\xaa\0\0\0\0\0\0\0\xfe\0\0\
\0\x39\x0d\0\0\0\0\0\x08\x40\0\0\0\0\0\0\0\0\0\0\x02\0\x01\0\0\0\0\0\0\x04\0\0\
\x0d\x02\0\0\0\0\0\0\0\xaa\0\0\0\0\0\0\0\x61\0\0\0\0\0\0\0\x61\0\0\0\0\0\0\0\
\x02\0\0\0\0\0\0\0\0\0\0\x02\x02\x01\0\0\0\0\0\0\x03\0\0\x0d\x02\0\0\0\0\0\0\0\
\x02\0\0\0\0\0\0\0\xaa\0\0\0\0\0\0\0\x02\0\0\0\0\0\0\0\0\0\0\x02\x04\x01\0\0\0\
\0\0\0\x03\0\0\x0d\x02\0\0\0\0\0\0\0\xaa\0\0\0\0\0\0\0\x02\0\0\0\0\0\0\0\x05\
\x01\0\0\0\0\0\0\0\0\0\x02\x06\x01\0\0\x44\x0d\0\0\x14\0\0\x04\x10\x01\0\0\x4e\
\x0d\0\0\x05\x01\0\0\0\0\0\0\x59\x0d\0\0\x48\0\0\0\x40\0\0\0\x61\x0d\0\0\x45\0\
\0\0\xc0\0\0\0\x69\x0d\0\0\x48\0\0\0\x40\x01\0\0\x7d\x0d\0\0\x48\0\0\0\xc0\x01\
\0\0\x8f\x0d\0\0\xfe\0\0\0\x40\x02\0\0\x98\x0d\0\0\x12\0\0\0\x80\x02\0\0\xa1\
\x0d\0\0\x3b\0\0\0\xa0\x02\0\0\xa9\x0d\0\0\x12\0\0\0\xc0\x02\0\0\xb0\x0d\0\0\
\x02\0\0\0\xe0\x02\0\0\xbc\x0d\0\0\x8e\0\0\0\0\x03\0\0\xc4\x0d\0\0\xaa\0\0\0\
\x80\x05\0\0\xcc\x0d\0\0\x61\0\0\0\xc0\x05\0\0\xd5\x0d\0\0\x61\0\0\0\0\x06\0\0\
\xdc\x0d\0\0\x07\x01\0\0\x40\x06\0\0\xe6\x0d\0\0\x4c\0\0\0\x80\x06\0\0\xf4\x0d\
\0\0\x4c\0\0\0\xc0\x06\0\0\x06\x0e\0\0\x08\x01\0\0\0\x07\0\0\x0d\x0e\0\0\x0a\
\x01\0\0\x40\x07\0\0\x16\x0e\0\0\x0c\x01\0\0\x80\x07\0\0\0\0\0\0\0\0\0\x02\x7d\
\x01\0\0\0\0\0\0\0\0\0\x02\x09\x01\0\0\0\0\0\0\0\0\0\x0a\x8b\x01\0\0\0\0\0\0\0\
\0\0\x02\x0b\x01\0\0\0\0\0\0\0\0\0\x0a\x8c\x01\0\0\0\0\0\0\x03\0\0\x05\x20\0\0\
\0\x1b\x0e\0\0\x0d\x01\0\0\0\0\0\0\x22\x0e\0\0\x10\x01\0\0\0\0\0\0\x2a\x0e\0\0\
\x13\x01\0\0\0\0\0\0\x2e\x0e\0\0\x03\0\0\x04\x20\0\0\0\x3c\x0e\0\0\x1b\0\0\0\0\
\0\0\0\x20\x02\0\0\x0e\x01\0\0\x40\0\0\0\x42\x0e\0\0\x48\0\0\0\x80\0\0\0\0\0\0\
\0\0\0\0\x02\x0f\x01\0\0\x47\x0e\0\0\0\0\0\x07\0\0\0\0\x55\x0e\0\0\x01\0\0\x04\
\x08\0\0\0\x20\x02\0\0\x11\x01\0\0\0\0\0\0\0\0\0\0\0\0\0\x02\x12\x01\0\0\x64\
\x0e\0\0\0\0\0\x07\0\0\0\0\0\0\0\0\x03\0\0\x04\x18\0\0\0\x74\x0e\0\0\x48\0\0\0\
\0\0\0\0\x3c\x0e\0\0\x02\0\0\0\x80\0\0\0\x79\x0e\0\0\x12\0\0\0\xa0\0\0\0\0\0\0\
\0\0\0\0\x02\x15\x01\0\0\0\0\0\0\x06\0\0\x0d\xad\0\0\0\0\0\0\0\xaa\0\0\0\0\0\0\
\0\x16\x01\0\0\0\0\0\0\x02\0\0\0\0\0\0\0\xb1\0\0\0\0\0\0\0\xb4\0\0\0\0\0\0\0\
\x02\0\0\0\0\0\0\0\0\0\0\x02\x17\x01\0\0\x82\x0e\0\0\x05\0\0\x04\x40\0\0\0\x87\
\x0e\0\0\x4c\0\0\0\0\0\0\0\0\0\0\0\x18\x01\0\0\x40\0\0\0\0\0\0\0\x26\x01\0\0\
\x80\x01\0\0\x8d\x0e\0\0\x36\0\0\0\xa0\x01\0\0\x97\x0e\0\0\x4c\0\0\0\xc0\x01\0\
\0\0\0\0\0\x07\0\0\x05\x28\0\0\0\0\0\0\0\x19\x01\0\0\0\0\0\0\0\0\0\0\x1c\x01\0\
\0\0\0\0\0\0\0\0\0\x1f\x01\0\0\0\0\0\0\0\0\0\0\x20\x01\0\0\0\0\0\0\0\0\0\0\x21\
\x01\0\0\0\0\0\0\0\0\0\0\x24\x01\0\0\0\0\0\0\xbd\x01\0\0\x25\0\0\0\0\0\0\0\0\0\
\0\0\x04\0\0\x04\x28\0\0\0\0\0\0\0\x1a\x01\0\0\0\0\0\0\xa2\x0e\0\0\x75\0\0\0\
\x80\0\0\0\xaa\x0e\0\0\x4c\0\0\0\xc0\0\0\0\xd6\x0a\0\0\x4c\0\0\0\0\x01\0\0\0\0\
\0\0\x04\0\0\x05\x10\0\0\0\xb0\x0e\0\0\x48\0\0\0\0\0\0\0\0\0\0\0\x1b\x01\0\0\0\
\0\0\0\xb4\x0e\0\0\x48\0\0\0\0\0\0\0\xbf\x0e\0\0\x48\0\0\0\0\0\0\0\0\0\0\0\x02\
\0\0\x04\x10\0\0\0\xc8\x0e\0\0\x40\0\0\0\0\0\0\0\xd1\x0e\0\0\x12\0\0\0\x40\0\0\
\0\0\0\0\0\x05\0\0\x04\x28\0\0\0\xdd\x0e\0\0\x4c\0\0\0\0\0\0\0\xe6\x0e\0\0\x1d\
\x01\0\0\x40\0\0\0\xe9\x0e\0\0\x4c\0\0\0\x80\0\0\0\xf9\x0e\0\0\x4c\0\0\0\xc0\0\
\0\0\0\0\0\0\x1e\x01\0\0\0\x01\0\0\0\0\0\0\0\0\0\x02\x77\x01\0\0\0\0\0\0\x02\0\
\0\x05\x08\0\0\0\x02\x0f\0\0\x4c\0\0\0\0\0\0\0\x11\x0f\0\0\x57\0\0\0\0\0\0\0\0\
\0\0\0\x06\0\0\x04\x18\0\0\0\x1f\x0f\0\0\x4c\0\0\0\0\0\0\0\x2d\x0f\0\0\x3b\0\0\
\0\x40\0\0\0\x3b\x0f\0\0\x3b\0\0\0\x48\0\0\0\x4a\x0f\0\0\x36\0\0\0\x60\0\0\0\
\x5c\x0f\0\0\x36\0\0\0\x80\0\0\0\x6e\x0f\0\0\x12\0\0\0\xa0\0\0\0\0\0\0\0\x03\0\
\0\x04\x20\0\0\0\x7a\x0f\0\0\x4c\0\0\0\0\0\0\0\x8a\x0f\0\0\x4c\0\0\0\x40\0\0\0\
\x9a\x0f\0\0\x48\0\0\0\x80\0\0\0\0\0\0\0\x05\0\0\x04\x28\0\0\0\xa8\x0f\0\0\x4c\
\0\0\0\0\0\0\0\xb2\x0f\0\0\x22\x01\0\0\x40\0\0\0\xbf\x0f\0\0\x4c\0\0\0\x80\0\0\
\0\0\0\0\0\x23\x01\0\0\xc0\0\0\0\xc9\x0f\0\0\x7c\0\0\0\0\x01\0\0\xcd\x0f\0\0\0\
\0\0\x08\x16\x01\0\0\0\0\0\0\x02\0\0\x05\x08\0\0\0\xd7\x0f\0\0\xeb\0\0\0\0\0\0\
\0\xdd\x0f\0\0\x36\0\0\0\0\0\0\0\0\0\0\0\x02\0\0\x04\x10\0\0\0\xee\x0f\0\0\x25\
\x01\0\0\0\0\0\0\xf4\x0f\0\0\x40\0\0\0\x40\0\0\0\0\0\0\0\0\0\0\x02\x8e\x01\0\0\
\0\0\0\0\x02\0\0\x05\x04\0\0\0\x05\x10\0\0\x36\0\0\0\0\0\0\0\x0f\x10\0\0\x12\0\
\0\0\0\0\0\0\0\0\0\0\0\0\0\x02\x28\x01\0\0\0\0\0\0\x05\0\0\x0d\x4c\0\0\0\0\0\0\
\0\xaa\0\0\0\0\0\0\0\x4c\0\0\0\0\0\0\0\x4c\0\0\0\0\0\0\0\x4c\0\0\0\0\0\0\0\x4c\
\0\0\0\0\0\0\0\0\0\0\x02\x2a\x01\0\0\0\0\0\0\x01\0\0\x0d\x02\0\0\0\0\0\0\0\x02\
\0\0\0\0\0\0\0\0\0\0\x02\x2c\x01\0\0\0\0\0\0\x05\0\0\x0d\xad\0\0\0\0\0\0\0\xcb\
\0\0\0\0\0\0\0\xaa\0\0\0\0\0\0\0\xb4\0\0\0\0\0\0\0\xb1\0\0\0\0\0\0\0\x12\0\0\0\
\x19\x10\0\0\x13\0\0\x04\x88\x01\0\0\xf9\x03\0\0\x5e\0\0\0\0\0\0\0\x29\x10\0\0\
\x8e\0\0\0\x80\x04\0\0\x31\x10\0\0\x8e\0\0\0\0\x07\0\0\x83\x0b\0\0\x12\0\0\0\
\x80\x09\0\0\x91\x02\0\0\x12\0\0\0\xa0\x09\0\0\x39\x10\0\0\x12\0\0\0\xc0\x09\0\
\0\x43\x10\0\0\x12\0\0\0\xe0\x09\0\0\x4d\x10\0\0\x12\0\0\0\0\x0a\0\0\x5a\x10\0\
\0\x12\0\0\0\x20\x0a\0\0\x62\x10\0\0\x12\0\0\0\x40\x0a\0\0\x6a\x10\0\0\x12\0\0\
\0\x60\x0a\0\0\x70\x10\0\0\x12\0\0\0\x80\x0a\0\0\x7a\x10\0\0\x12\0\0\0\xa0\x0a\
\0\0\x84\x10\0\0\xc0\0\0\0\xc0\x0a\0\0\x8f\x10\0\0\x16\x01\0\0\0\x0b\0\0\x98\
\x10\0\0\x07\x01\0\0\x40\x0b\0\0\xa7\x10\0\0\x07\x01\0\0\x80\x0b\0\0\xb6\x10\0\
\0\x2e\x01\0\0\xc0\x0b\0\0\xbb\x10\0\0\x2f\x01\0\0\0\x0c\0\0\0\0\0\0\0\0\0\x02\
\x7e\x01\0\0\0\0\0\0\0\0\0\x02\x7f\x01\0\0\0\0\0\0\0\0\0\x02\x31\x01\0\0\0\0\0\
\0\x05\0\0\x0d\xad\0\0\0\0\0\0\0\xaa\0\0\0\0\0\0\0\xb4\0\0\0\0\0\0\0\xcb\0\0\0\
\0\0\0\0\xb1\0\0\0\0\0\0\0\x12\0\0\0\0\0\0\0\0\0\0\x02\x33\x01\0\0\0\0\0\0\x04\
\0\0\x0d\x02\0\0\0\0\0\0\0\xaa\0\0\0\0\0\0\0\x9f\0\0\0\0\0\0\0\x34\x01\0\0\0\0\
\0\0\x35\x01\0\0\0\0\0\0\0\0\0\x02\x05\x01\0\0\0\0\0\0\0\0\0\x02\x40\0\0\0\0\0\
\0\0\0\0\0\x02\x37\x01\0\0\0\0\0\0\x04\0\0\x0d\x9f\0\0\0\0\0\0\0\xaa\0\0\0\0\0\
\0\0\x02\0\0\0\0\0\0\0\x61\0\0\0\0\0\0\0\x61\0\0\0\0\0\0\0\0\0\0\x02\x39\x01\0\
\0\0\0\0\0\x02\0\0\x0d\0\0\0\0\0\0\0\0\x3a\x01\0\0\0\0\0\0\xaa\0\0\0\0\0\0\0\0\
\0\0\x02\x3b\x01\0\0\xc0\x10\0\0\x0c\0\0\x04\xe8\0\0\0\xc9\x10\0\0\xb0\0\0\0\0\
\0\0\0\x1e\x05\0\0\xb1\0\0\0\x40\0\0\0\xcd\x10\0\0\xb1\0\0\0\x80\0\0\0\x2d\x06\
\0\0\xb1\0\0\0\xc0\0\0\0\xd2\x10\0\0\xb1\0\0\0\0\x01\0\0\xaa\x0e\0\0\x61\0\0\0\
\x40\x01\0\0\xdc\x10\0\0\x61\0\0\0\x80\x01\0\0\x5f\x04\0\0\x5e\0\0\0\xc0\x01\0\
\0\xe5\x10\0\0\x3c\x01\0\0\x40\x06\0\0\xe8\x10\0\0\x02\0\0\0\x80\x06\0\0\xef\0\
\0\0\x3e\x01\0\0\xc0\x06\0\0\xd6\x0a\0\0\x40\0\0\0\0\x07\0\0\0\0\0\0\0\0\0\x02\
\x3d\x01\0\0\0\0\0\0\0\0\0\x0a\x87\x01\0\0\0\0\0\0\0\0\0\x02\x3f\x01\0\0\0\0\0\
\0\0\0\0\x0a\x21\0\0\0\0\0\0\0\0\0\0\x02\x41\x01\0\0\0\0\0\0\x06\0\0\x0d\xad\0\
\0\0\0\0\0\0\xaa\0\0\0\0\0\0\0\x61\0\0\0\0\0\0\0\xaa\0\0\0\0\0\0\0\x61\0\0\0\0\
\0\0\0\xb1\0\0\0\0\0\0\0\x12\0\0\0\0\0\0\0\0\0\0\x02\x43\x01\0\0\0\0\0\0\x06\0\
\0\x0d\x61\0\0\0\0\0\0\0\xaa\0\0\0\0\0\0\0\x61\0\0\0\0\0\0\0\xaa\0\0\0\0\0\0\0\
\x61\0\0\0\0\0\0\0\x61\0\0\0\0\0\0\0\x12\0\0\0\0\0\0\0\0\0\0\x02\x45\x01\0\0\0\
\0\0\0\x02\0\0\x0d\x02\0\0\0\0\0\0\0\x46\x01\0\0\0\0\0\0\x12\0\0\0\0\0\0\0\0\0\
\0\x02\x47\x01\0\0\xf3\x10\0\0\x06\0\0\x04\x40\0\0\0\xef\0\0\0\xaa\0\0\0\0\0\0\
\0\0\x11\0\0\x48\x01\0\0\x40\0\0\0\0\0\0\0\x4a\x01\0\0\x80\0\0\0\x04\x11\0\0\
\x1b\0\0\0\xc0\0\0\0\x87\x0e\0\0\x1b\0\0\0\xe0\0\0\0\x0b\x11\0\0\x4d\x01\0\0\0\
\x01\0\0\0\0\0\0\0\0\0\x02\x49\x01\0\0\0\0\0\0\0\0\0\x0a\0\0\0\0\0\0\0\0\x02\0\
\0\x05\x08\0\0\0\x0f\x11\0\0\x4b\x01\0\0\0\0\0\0\x1c\x11\0\0\x40\0\0\0\0\0\0\0\
\0\0\0\0\0\0\0\x02\x4c\x01\0\0\0\0\0\0\x01\0\0\x0d\0\0\0\0\0\0\0\0\x46\x01\0\0\
\0\0\0\0\0\0\0\x03\0\0\0\0\x39\0\0\0\x04\0\0\0\x20\0\0\0\0\0\0\0\0\0\0\x02\x4f\
\x01\0\0\0\0\0\0\x03\0\0\x0d\x02\0\0\0\0\0\0\0\x46\x01\0\0\0\0\0\0\xd0\0\0\0\0\
\0\0\0\x12\0\0\0\0\0\0\0\0\0\0\x02\x51\x01\0\0\0\0\0\0\x01\0\0\x0d\0\0\0\0\0\0\
\0\0\x2c\0\0\0\0\0\0\0\0\0\0\x02\x90\x01\0\0\x23\x11\0\0\x0f\0\0\x04\x20\x02\0\
\0\x31\x11\0\0\x2c\0\0\0\0\0\0\0\x36\x11\0\0\x54\x01\0\0\x40\0\0\0\x3e\x11\0\0\
\xa1\0\0\0\xc0\x02\0\0\x4e\x11\0\0\x55\x01\0\0\x80\x07\0\0\x57\x11\0\0\x36\0\0\
\0\xa0\x07\0\0\x67\x11\0\0\x56\x01\0\0\xc0\x07\0\0\x6e\x11\0\0\xa1\0\0\0\x40\
\x08\0\0\x7b\x11\0\0\x4c\0\0\0\0\x0d\0\0\x83\x11\0\0\x4c\0\0\0\x40\x0d\0\0\x93\
\x11\0\0\x58\x01\0\0\x80\x0d\0\0\x87\x0e\0\0\x4c\0\0\0\xc0\x0d\0\0\x99\x11\0\0\
\x76\0\0\0\0\x0e\0\0\xa0\x11\0\0\x2f\0\0\0\x40\x0e\0\0\xad\x11\0\0\x48\0\0\0\
\x40\x10\0\0\x60\x01\0\0\x40\0\0\0\xc0\x10\0\0\x5d\x0b\0\0\x03\0\0\x04\x50\0\0\
\0\xba\x11\0\0\x2f\0\0\0\0\0\0\0\xc2\x11\0\0\x55\x01\0\0\0\x02\0\0\xcb\x11\0\0\
\x40\0\0\0\x40\x02\0\0\xd3\x11\0\0\0\0\0\x08\x12\0\0\0\xd9\x11\0\0\x02\0\0\x04\
\x10\0\0\0\xe8\x11\0\0\x57\x01\0\0\0\0\0\0\xf0\x11\0\0\xf2\0\0\0\x40\0\0\0\xe8\
\x11\0\0\x01\0\0\x04\x08\0\0\0\x0e\x0d\0\0\xf2\0\0\0\0\0\0\0\0\0\0\0\0\0\0\x02\
\x59\x01\0\0\0\0\0\0\0\0\0\x0a\x76\x01\0\0\0\0\0\0\x04\0\0\x05\x08\0\0\0\xfc\
\x11\0\0\xcb\0\0\0\0\0\0\0\x03\x12\0\0\x5b\x01\0\0\0\0\0\0\x0a\x12\0\0\xb0\0\0\
\0\0\0\0\0\x11\x12\0\0\x12\0\0\0\0\0\0\0\0\0\0\0\0\0\0\x02\x8f\x01\0\0\0\0\0\0\
\0\0\0\x02\x89\x01\0\0\x1b\x12\0\0\x01\0\0\x0c\x1f\0\0\0\x2b\x12\0\0\x01\0\0\
\x0c\x1f\0\0\0\x38\x12\0\0\x01\0\0\x0c\x1f\0\0\0\x43\x12\0\0\x01\0\0\x0c\x1f\0\
\0\0\x50\x12\0\0\x01\0\0\x0c\x1f\0\0\0\x5e\x12\0\0\x01\0\0\x0c\x1f\0\0\0\x6a\
\x12\0\0\x01\0\0\x0c\x1f\0\0\0\x76\x12\0\0\x01\0\0\x0c\x1f\0\0\0\x82\x12\0\0\
\x01\0\0\x0c\x1f\0\0\0\0\0\0\0\0\0\0\x0a\x67\x01\0\0\0\0\0\0\0\0\0\x09\x0d\0\0\
\0\x8f\x12\0\0\0\0\0\x0e\x66\x01\0\0\x01\0\0\0\0\0\0\0\0\0\0\x03\0\0\0\0\x13\0\
\0\0\x04\0\0\0\x04\0\0\0\x9c\x12\0\0\0\0\0\x0e\x69\x01\0\0\x01\0\0\0\0\0\0\0\0\
\0\0\x03\0\0\0\0\x13\0\0\0\x04\0\0\0\x05\0\0\0\0\0\0\0\0\0\0\x03\0\0\0\0\x13\0\
\0\0\x04\0\0\0\x06\0\0\0\0\0\0\0\0\0\0\x03\0\0\0\0\x13\0\0\0\x04\0\0\0\x07\0\0\
\0\0\0\0\0\0\0\0\x03\0\0\0\0\x13\0\0\0\x04\0\0\0\x08\0\0\0\xa4\x12\0\0\0\0\0\
\x07\0\0\0\0\xad\x12\0\0\0\0\0\x07\0\0\0\0\xbc\x12\0\0\0\0\0\x07\0\0\0\0\xd1\
\x12\0\0\0\0\0\x07\0\0\0\0\xd8\x12\0\0\0\0\0\x07\0\0\0\0\xe2\x12\0\0\0\0\0\x07\
\0\0\0\0\xf3\x12\0\0\0\0\0\x07\0\0\0\0\xfd\x12\0\0\0\0\0\x07\0\0\0\0\x16\x13\0\
\0\0\0\0\x07\0\0\0\0\x20\x13\0\0\0\0\0\x07\0\0\0\0\x30\x13\0\0\0\0\0\x07\0\0\0\
\0\x38\x13\0\0\0\0\0\x07\0\0\0\0\x53\x0b\0\0\0\0\0\x07\0\0\0\0\x3e\x13\0\0\0\0\
\0\x07\0\0\0\0\x46\x13\0\0\0\0\0\x07\0\0\0\0\x54\x13\0\0\0\0\0\x07\0\0\0\0\x60\
\x13\0\0\0\0\0\x07\0\0\0\0\x6c\x13\0\0\0\0\0\x07\0\0\0\0\x7c\x13\0\0\0\0\0\x07\
\0\0\0\0\x6c\x0c\0\0\0\0\0\x07\0\0\0\0\x8a\x13\0\0\0\0\0\x07\0\0\0\0\x9f\x13\0\
\0\0\0\0\x07\0\0\0\0\xa9\x13\0\0\0\0\0\x07\0\0\0\0\xb5\x13\0\0\0\0\0\x07\0\0\0\
\0\xba\x13\0\0\0\0\0\x07\0\0\0\0\xc9\x13\0\0\0\0\0\x07\0\0\0\0\xd7\x13\0\0\0\0\
\0\x07\0\0\0\0\xef\x13\0\0\0\0\0\x07\0\0\0\0\x01\x14\0\0\0\0\0\x07\0\0\0\0\x16\
\x14\0\0\0\0\0\x07\0\0\0\0\x5d\0\0\0\0\0\0\x07\0\0\0\0\x2e\x14\0\0\0\0\0\x07\0\
\0\0\0\x3a\x14\0\0\0\0\0\x07\0\0\0\0\x3f\x14\0\0\0\0\0\x07\0\0\0\0\x5b\x20\0\0\
\x01\0\0\x0f\x08\0\0\0\x68\x01\0\0\0\0\0\0\x08\0\0\0\x63\x20\0\0\x01\0\0\x0f\
\x04\0\0\0\x6a\x01\0\0\0\0\0\0\x04\0\0\0\x6b\x20\0\0\x03\0\0\x0f\x58\0\0\0\x06\
\0\0\0\0\0\0\0\x18\0\0\0\x17\0\0\0\x18\0\0\0\x20\0\0\0\x1d\0\0\0\x38\0\0\0\x20\
\0\0\0\0\x69\x6e\x74\0\x5f\x5f\x41\x52\x52\x41\x59\x5f\x53\x49\x5a\x45\x5f\x54\
\x59\x50\x45\x5f\x5f\0\x74\x79\x70\x65\0\x6b\x65\x79\x5f\x73\x69\x7a\x65\0\x76\
\x61\x6c\x75\x65\x5f\x73\x69\x7a\x65\0\x65\x76\x65\x6e\x74\x73\0\x75\x36\x34\0\
\x5f\x5f\x75\x36\x34\0\x75\x6e\x73\x69\x67\x6e\x65\x64\x20\x6c\x6f\x6e\x67\x20\
\x6c\x6f\x6e\x67\0\x64\x61\x74\x61\x5f\x74\0\x70\x69\x64\0\x75\x69\x64\0\x67\
\x69\x64\0\x74\x69\x6d\x65\x73\x74\x61\x6d\x70\0\x63\x6f\x6d\x6d\0\x66\x69\x6c\
\x65\x6e\x61\x6d\x65\0\x6e\x65\x77\x5f\x66\x69\x6c\x65\x6e\x61\x6d\x65\0\x6f\
\x70\x65\x72\x61\x74\x69\x6f\x6e\0\x5f\x5f\x75\x33\x32\0\x75\x6e\x73\x69\x67\
\x6e\x65\x64\x20\x69\x6e\x74\0\x63\x68\x61\x72\0\x6d\x61\x78\x5f\x65\x6e\x74\
\x72\x69\x65\x73\0\x6b\x65\x79\0\x76\x61\x6c\x75\x65\0\x69\x6e\x6f\x64\x65\x5f\
\x63\x61\x63\x68\x65\0\x75\x33\x32\0\x64\x61\x74\x61\x5f\x61\x72\x72\x61\x79\0\
\x63\x74\x78\0\x66\x69\x6c\x65\x5f\x6f\x70\x65\x6e\0\x66\x69\x6c\x65\0\x66\x5f\
\x70\x61\x74\x68\0\x66\x5f\x69\x6e\x6f\x64\x65\0\x66\x5f\x6f\x70\0\x66\x5f\x6c\
\x6f\x63\x6b\0\x66\x5f\x63\x6f\x75\x6e\x74\0\x66\x5f\x66\x6c\x61\x67\x73\0\x66\
\x5f\x6d\x6f\x64\x65\0\x66\x5f\x70\x6f\x73\x5f\x6c\x6f\x63\x6b\0\x66\x5f\x70\
\x6f\x73\0\x66\x5f\x6f\x77\x6e\x65\x72\0\x66\x5f\x63\x72\x65\x64\0\x66\x5f\x72\
\x61\0\x66\x5f\x76\x65\x72\x73\x69\x6f\x6e\0\x66\x5f\x73\x65\x63\x75\x72\x69\
\x74\x79\0\x70\x72\x69\x76\x61\x74\x65\x5f\x64\x61\x74\x61\0\x66\x5f\x65\x70\0\
\x66\x5f\x6d\x61\x70\x70\x69\x6e\x67\0\x66\x5f\x77\x62\x5f\x65\x72\x72\0\x66\
\x5f\x73\x62\x5f\x65\x72\x72\0\x66\x5f\x6c\x6c\x69\x73\x74\0\x66\x5f\x72\x63\
\x75\x68\x65\x61\x64\0\x66\x5f\x69\x6f\x63\x62\x5f\x66\x6c\x61\x67\x73\0\x6c\
\x6c\x69\x73\x74\x5f\x6e\x6f\x64\x65\0\x6e\x65\x78\x74\0\x63\x61\x6c\x6c\x62\
\x61\x63\x6b\x5f\x68\x65\x61\x64\0\x66\x75\x6e\x63\0\x70\x61\x74\x68\0\x6d\x6e\
\x74\0\x64\x65\x6e\x74\x72\x79\0\x73\x70\x69\x6e\x6c\x6f\x63\x6b\x5f\x74\0\x73\
\x70\x69\x6e\x6c\x6f\x63\x6b\0\x72\x6c\x6f\x63\x6b\0\x72\x61\x77\x5f\x73\x70\
\x69\x6e\x6c\x6f\x63\x6b\0\x72\x61\x77\x5f\x6c\x6f\x63\x6b\0\x6d\x61\x67\x69\
\x63\0\x6f\x77\x6e\x65\x72\x5f\x63\x70\x75\0\x6f\x77\x6e\x65\x72\0\x64\x65\x70\
\x5f\x6d\x61\x70\0\x61\x72\x63\x68\x5f\x73\x70\x69\x6e\x6c\x6f\x63\x6b\x5f\x74\
\0\x71\x73\x70\x69\x6e\x6c\x6f\x63\x6b\0\x76\x61\x6c\0\x61\x74\x6f\x6d\x69\x63\
\x5f\x74\0\x63\x6f\x75\x6e\x74\x65\x72\0\x6c\x6f\x63\x6b\x65\x64\0\x70\x65\x6e\
\x64\x69\x6e\x67\0\x75\x38\0\x5f\x5f\x75\x38\0\x75\x6e\x73\x69\x67\x6e\x65\x64\
\x20\x63\x68\x61\x72\0\x6c\x6f\x63\x6b\x65\x64\x5f\x70\x65\x6e\x64\x69\x6e\x67\
\0\x74\x61\x69\x6c\0\x75\x31\x36\0\x5f\x5f\x75\x31\x36\0\x75\x6e\x73\x69\x67\
\x6e\x65\x64\x20\x73\x68\x6f\x72\x74\0\x6c\x6f\x63\x6b\x64\x65\x70\x5f\x6d\x61\
\x70\0\x63\x6c\x61\x73\x73\x5f\x63\x61\x63\x68\x65\0\x6e\x61\x6d\x65\0\x77\x61\
\x69\x74\x5f\x74\x79\x70\x65\x5f\x6f\x75\x74\x65\x72\0\x77\x61\x69\x74\x5f\x74\
\x79\x70\x65\x5f\x69\x6e\x6e\x65\x72\0\x6c\x6f\x63\x6b\x5f\x74\x79\x70\x65\0\
\x6c\x6f\x63\x6b\x5f\x63\x6c\x61\x73\x73\0\x68\x61\x73\x68\x5f\x65\x6e\x74\x72\
\x79\0\x6c\x6f\x63\x6b\x5f\x65\x6e\x74\x72\x79\0\x6c\x6f\x63\x6b\x73\x5f\x61\
\x66\x74\x65\x72\0\x6c\x6f\x63\x6b\x73\x5f\x62\x65\x66\x6f\x72\x65\0\x73\x75\
\x62\x63\x6c\x61\x73\x73\0\x64\x65\x70\x5f\x67\x65\x6e\x5f\x69\x64\0\x75\x73\
\x61\x67\x65\x5f\x6d\x61\x73\x6b\0\x75\x73\x61\x67\x65\x5f\x74\x72\x61\x63\x65\
\x73\0\x6e\x61\x6d\x65\x5f\x76\x65\x72\x73\x69\x6f\x6e\0\x68\x6c\x69\x73\x74\
\x5f\x6e\x6f\x64\x65\0\x70\x70\x72\x65\x76\0\x6c\x69\x73\x74\x5f\x68\x65\x61\
\x64\0\x70\x72\x65\x76\0\x75\x6e\x73\x69\x67\x6e\x65\x64\x20\x6c\x6f\x6e\x67\0\
\x6c\x6f\x63\x6b\x5f\x74\x72\x61\x63\x65\0\x68\x61\x73\x68\0\x6e\x72\x5f\x65\
\x6e\x74\x72\x69\x65\x73\0\x65\x6e\x74\x72\x69\x65\x73\0\x5f\x5f\x70\x61\x64\
\x64\x69\x6e\x67\0\x61\x74\x6f\x6d\x69\x63\x5f\x6c\x6f\x6e\x67\x5f\x74\0\x61\
\x74\x6f\x6d\x69\x63\x36\x34\x5f\x74\0\x73\x36\x34\0\x5f\x5f\x73\x36\x34\0\x6c\
\x6f\x6e\x67\x20\x6c\x6f\x6e\x67\0\x66\x6d\x6f\x64\x65\x5f\x74\0\x6d\x75\x74\
\x65\x78\0\x77\x61\x69\x74\x5f\x6c\x6f\x63\x6b\0\x6f\x73\x71\0\x77\x61\x69\x74\
\x5f\x6c\x69\x73\x74\0\x72\x61\x77\x5f\x73\x70\x69\x6e\x6c\x6f\x63\x6b\x5f\x74\
\0\x6f\x70\x74\x69\x6d\x69\x73\x74\x69\x63\x5f\x73\x70\x69\x6e\x5f\x71\x75\x65\
\x75\x65\0\x6c\x6f\x66\x66\x5f\x74\0\x5f\x5f\x6b\x65\x72\x6e\x65\x6c\x5f\x6c\
\x6f\x66\x66\x5f\x74\0\x66\x6f\x77\x6e\x5f\x73\x74\x72\x75\x63\x74\0\x6c\x6f\
\x63\x6b\0\x70\x69\x64\x5f\x74\x79\x70\x65\0\x65\x75\x69\x64\0\x73\x69\x67\x6e\
\x75\x6d\0\x72\x77\x6c\x6f\x63\x6b\x5f\x74\0\x61\x72\x63\x68\x5f\x72\x77\x6c\
\x6f\x63\x6b\x5f\x74\0\x71\x72\x77\x6c\x6f\x63\x6b\0\x63\x6e\x74\x73\0\x77\x6c\
\x6f\x63\x6b\x65\x64\0\x5f\x5f\x6c\x73\x74\x61\x74\x65\0\x50\x49\x44\x54\x59\
\x50\x45\x5f\x50\x49\x44\0\x50\x49\x44\x54\x59\x50\x45\x5f\x54\x47\x49\x44\0\
\x50\x49\x44\x54\x59\x50\x45\x5f\x50\x47\x49\x44\0\x50\x49\x44\x54\x59\x50\x45\
\x5f\x53\x49\x44\0\x50\x49\x44\x54\x59\x50\x45\x5f\x4d\x41\x58\0\x6b\x75\x69\
\x64\x5f\x74\0\x75\x69\x64\x5f\x74\0\x5f\x5f\x6b\x65\x72\x6e\x65\x6c\x5f\x75\
\x69\x64\x33\x32\x5f\x74\0\x66\x69\x6c\x65\x5f\x72\x61\x5f\x73\x74\x61\x74\x65\
\0\x73\x74\x61\x72\x74\0\x73\x69\x7a\x65\0\x61\x73\x79\x6e\x63\x5f\x73\x69\x7a\
\x65\0\x72\x61\x5f\x70\x61\x67\x65\x73\0\x6d\x6d\x61\x70\x5f\x6d\x69\x73\x73\0\
\x70\x72\x65\x76\x5f\x70\x6f\x73\0\x65\x72\x72\x73\x65\x71\x5f\x74\0\x64\x5f\
\x66\x6c\x61\x67\x73\0\x64\x5f\x73\x65\x71\0\x64\x5f\x68\x61\x73\x68\0\x64\x5f\
\x70\x61\x72\x65\x6e\x74\0\x64\x5f\x6e\x61\x6d\x65\0\x64\x5f\x69\x6e\x6f\x64\
\x65\0\x64\x5f\x69\x6e\x61\x6d\x65\0\x64\x5f\x6c\x6f\x63\x6b\x72\x65\x66\0\x64\
\x5f\x6f\x70\0\x64\x5f\x73\x62\0\x64\x5f\x74\x69\x6d\x65\0\x64\x5f\x66\x73\x64\
\x61\x74\x61\0\x64\x5f\x63\x68\x69\x6c\x64\0\x64\x5f\x73\x75\x62\x64\x69\x72\
\x73\0\x64\x5f\x75\0\x73\x65\x71\x63\x6f\x75\x6e\x74\x5f\x73\x70\x69\x6e\x6c\
\x6f\x63\x6b\x5f\x74\0\x73\x65\x71\x63\x6f\x75\x6e\x74\x5f\x73\x70\x69\x6e\x6c\
\x6f\x63\x6b\0\x73\x65\x71\x63\x6f\x75\x6e\x74\0\x73\x65\x71\x63\x6f\x75\x6e\
\x74\x5f\x74\0\x73\x65\x71\x75\x65\x6e\x63\x65\0\x68\x6c\x69\x73\x74\x5f\x62\
\x6c\x5f\x6e\x6f\x64\x65\0\x71\x73\x74\x72\0\x68\x61\x73\x68\x5f\x6c\x65\x6e\0\
\x6c\x65\x6e\0\x6c\x6f\x63\x6b\x72\x65\x66\0\x63\x6f\x75\x6e\x74\0\x64\x5f\x6c\
\x72\x75\0\x64\x5f\x77\x61\x69\x74\0\x77\x61\x69\x74\x5f\x71\x75\x65\x75\x65\
\x5f\x68\x65\x61\x64\x5f\x74\0\x64\x5f\x61\x6c\x69\x61\x73\0\x64\x5f\x69\x6e\
\x5f\x6c\x6f\x6f\x6b\x75\x70\x5f\x68\x61\x73\x68\0\x64\x5f\x72\x63\x75\0\x69\
\x6e\x6f\x64\x65\0\x69\x5f\x6d\x6f\x64\x65\0\x69\x5f\x6f\x70\x66\x6c\x61\x67\
\x73\0\x69\x5f\x75\x69\x64\0\x69\x5f\x67\x69\x64\0\x69\x5f\x66\x6c\x61\x67\x73\
\0\x69\x5f\x61\x63\x6c\0\x69\x5f\x64\x65\x66\x61\x75\x6c\x74\x5f\x61\x63\x6c\0\
\x69\x5f\x6f\x70\0\x69\x5f\x73\x62\0\x69\x5f\x6d\x61\x70\x70\x69\x6e\x67\0\x69\
\x5f\x73\x65\x63\x75\x72\x69\x74\x79\0\x69\x5f\x69\x6e\x6f\0\x69\x5f\x72\x64\
\x65\x76\0\x69\x5f\x73\x69\x7a\x65\0\x69\x5f\x61\x74\x69\x6d\x65\0\x69\x5f\x6d\
\x74\x69\x6d\x65\0\x69\x5f\x63\x74\x69\x6d\x65\0\x69\x5f\x6c\x6f\x63\x6b\0\x69\
\x5f\x62\x79\x74\x65\x73\0\x69\x5f\x62\x6c\x6b\x62\x69\x74\x73\0\x69\x5f\x77\
\x72\x69\x74\x65\x5f\x68\x69\x6e\x74\0\x69\x5f\x62\x6c\x6f\x63\x6b\x73\0\x69\
\x5f\x73\x74\x61\x74\x65\0\x69\x5f\x72\x77\x73\x65\x6d\0\x64\x69\x72\x74\x69\
\x65\x64\x5f\x77\x68\x65\x6e\0\x64\x69\x72\x74\x69\x65\x64\x5f\x74\x69\x6d\x65\
\x5f\x77\x68\x65\x6e\0\x69\x5f\x68\x61\x73\x68\0\x69\x5f\x69\x6f\x5f\x6c\x69\
\x73\x74\0\x69\x5f\x77\x62\0\x69\x5f\x77\x62\x5f\x66\x72\x6e\x5f\x77\x69\x6e\
\x6e\x65\x72\0\x69\x5f\x77\x62\x5f\x66\x72\x6e\x5f\x61\x76\x67\x5f\x74\x69\x6d\
\x65\0\x69\x5f\x77\x62\x5f\x66\x72\x6e\x5f\x68\x69\x73\x74\x6f\x72\x79\0\x69\
\x5f\x6c\x72\x75\0\x69\x5f\x73\x62\x5f\x6c\x69\x73\x74\0\x69\x5f\x77\x62\x5f\
\x6c\x69\x73\x74\0\x69\x5f\x76\x65\x72\x73\x69\x6f\x6e\0\x69\x5f\x73\x65\x71\
\x75\x65\x6e\x63\x65\0\x69\x5f\x63\x6f\x75\x6e\x74\0\x69\x5f\x64\x69\x6f\x5f\
\x63\x6f\x75\x6e\x74\0\x69\x5f\x77\x72\x69\x74\x65\x63\x6f\x75\x6e\x74\0\x69\
\x5f\x72\x65\x61\x64\x63\x6f\x75\x6e\x74\0\x69\x5f\x66\x6c\x63\x74\x78\0\x69\
\x5f\x64\x61\x74\x61\0\x69\x5f\x64\x65\x76\x69\x63\x65\x73\0\x69\x5f\x67\x65\
\x6e\x65\x72\x61\x74\x69\x6f\x6e\0\x69\x5f\x66\x73\x6e\x6f\x74\x69\x66\x79\x5f\
\x6d\x61\x73\x6b\0\x69\x5f\x66\x73\x6e\x6f\x74\x69\x66\x79\x5f\x6d\x61\x72\x6b\
\x73\0\x69\x5f\x70\x72\x69\x76\x61\x74\x65\0\x75\x6d\x6f\x64\x65\x5f\x74\0\x6b\
\x67\x69\x64\x5f\x74\0\x67\x69\x64\x5f\x74\0\x5f\x5f\x6b\x65\x72\x6e\x65\x6c\
\x5f\x67\x69\x64\x33\x32\x5f\x74\0\x69\x5f\x6e\x6c\x69\x6e\x6b\0\x5f\x5f\x69\
\x5f\x6e\x6c\x69\x6e\x6b\0\x64\x65\x76\x5f\x74\0\x5f\x5f\x6b\x65\x72\x6e\x65\
\x6c\x5f\x64\x65\x76\x5f\x74\0\x74\x69\x6d\x65\x73\x70\x65\x63\x36\x34\0\x74\
\x76\x5f\x73\x65\x63\0\x74\x76\x5f\x6e\x73\x65\x63\0\x74\x69\x6d\x65\x36\x34\
\x5f\x74\0\x6c\x6f\x6e\x67\0\x62\x6c\x6b\x63\x6e\x74\x5f\x74\0\x72\x77\x5f\x73\
\x65\x6d\x61\x70\x68\x6f\x72\x65\0\x69\x5f\x64\x65\x6e\x74\x72\x79\0\x69\x5f\
\x72\x63\x75\0\x68\x6c\x69\x73\x74\x5f\x68\x65\x61\x64\0\x66\x69\x72\x73\x74\0\
\x69\x5f\x66\x6f\x70\0\x66\x72\x65\x65\x5f\x69\x6e\x6f\x64\x65\0\x66\x69\x6c\
\x65\x5f\x6f\x70\x65\x72\x61\x74\x69\x6f\x6e\x73\0\x6c\x6c\x73\x65\x65\x6b\0\
\x72\x65\x61\x64\0\x77\x72\x69\x74\x65\0\x72\x65\x61\x64\x5f\x69\x74\x65\x72\0\
\x77\x72\x69\x74\x65\x5f\x69\x74\x65\x72\0\x69\x6f\x70\x6f\x6c\x6c\0\x69\x74\
\x65\x72\x61\x74\x65\0\x69\x74\x65\x72\x61\x74\x65\x5f\x73\x68\x61\x72\x65\x64\
\0\x70\x6f\x6c\x6c\0\x75\x6e\x6c\x6f\x63\x6b\x65\x64\x5f\x69\x6f\x63\x74\x6c\0\
\x63\x6f\x6d\x70\x61\x74\x5f\x69\x6f\x63\x74\x6c\0\x6d\x6d\x61\x70\0\x6d\x6d\
\x61\x70\x5f\x73\x75\x70\x70\x6f\x72\x74\x65\x64\x5f\x66\x6c\x61\x67\x73\0\x6f\
\x70\x65\x6e\0\x66\x6c\x75\x73\x68\0\x72\x65\x6c\x65\x61\x73\x65\0\x66\x73\x79\
\x6e\x63\0\x66\x61\x73\x79\x6e\x63\0\x73\x65\x6e\x64\x70\x61\x67\x65\0\x67\x65\
\x74\x5f\x75\x6e\x6d\x61\x70\x70\x65\x64\x5f\x61\x72\x65\x61\0\x63\x68\x65\x63\
\x6b\x5f\x66\x6c\x61\x67\x73\0\x66\x6c\x6f\x63\x6b\0\x73\x70\x6c\x69\x63\x65\
\x5f\x77\x72\x69\x74\x65\0\x73\x70\x6c\x69\x63\x65\x5f\x72\x65\x61\x64\0\x73\
\x65\x74\x6c\x65\x61\x73\x65\0\x66\x61\x6c\x6c\x6f\x63\x61\x74\x65\0\x73\x68\
\x6f\x77\x5f\x66\x64\x69\x6e\x66\x6f\0\x63\x6f\x70\x79\x5f\x66\x69\x6c\x65\x5f\
\x72\x61\x6e\x67\x65\0\x72\x65\x6d\x61\x70\x5f\x66\x69\x6c\x65\x5f\x72\x61\x6e\
\x67\x65\0\x66\x61\x64\x76\x69\x73\x65\0\x75\x72\x69\x6e\x67\x5f\x63\x6d\x64\0\
\x75\x72\x69\x6e\x67\x5f\x63\x6d\x64\x5f\x69\x6f\x70\x6f\x6c\x6c\0\x73\x73\x69\
\x7a\x65\x5f\x74\0\x5f\x5f\x6b\x65\x72\x6e\x65\x6c\x5f\x73\x73\x69\x7a\x65\x5f\
\x74\0\x5f\x5f\x6b\x65\x72\x6e\x65\x6c\x5f\x6c\x6f\x6e\x67\x5f\x74\0\x73\x69\
\x7a\x65\x5f\x74\0\x5f\x5f\x6b\x65\x72\x6e\x65\x6c\x5f\x73\x69\x7a\x65\x5f\x74\
\0\x5f\x5f\x6b\x65\x72\x6e\x65\x6c\x5f\x75\x6c\x6f\x6e\x67\x5f\x74\0\x6b\x69\
\x6f\x63\x62\0\x6b\x69\x5f\x66\x69\x6c\x70\0\x6b\x69\x5f\x70\x6f\x73\0\x6b\x69\
\x5f\x63\x6f\x6d\x70\x6c\x65\x74\x65\0\x70\x72\x69\x76\x61\x74\x65\0\x6b\x69\
\x5f\x66\x6c\x61\x67\x73\0\x6b\x69\x5f\x69\x6f\x70\x72\x69\x6f\0\x6b\x69\x5f\
\x77\x61\x69\x74\x71\0\x69\x6f\x76\x5f\x69\x74\x65\x72\0\x69\x74\x65\x72\x5f\
\x74\x79\x70\x65\0\x6e\x6f\x66\x61\x75\x6c\x74\0\x64\x61\x74\x61\x5f\x73\x6f\
\x75\x72\x63\x65\0\x75\x73\x65\x72\x5f\x62\x61\x63\x6b\x65\x64\0\x62\x6f\x6f\
\x6c\0\x5f\x42\x6f\x6f\x6c\0\x69\x6f\x76\x5f\x6f\x66\x66\x73\x65\x74\0\x6c\x61\
\x73\x74\x5f\x6f\x66\x66\x73\x65\x74\0\x69\x6f\x76\0\x6b\x76\x65\x63\0\x62\x76\
\x65\x63\0\x78\x61\x72\x72\x61\x79\0\x70\x69\x70\x65\0\x75\x62\x75\x66\0\x6e\
\x72\x5f\x73\x65\x67\x73\0\x78\x61\x72\x72\x61\x79\x5f\x73\x74\x61\x72\x74\0\
\x68\x65\x61\x64\0\x73\x74\x61\x72\x74\x5f\x68\x65\x61\x64\0\x69\x6f\x5f\x63\
\x6f\x6d\x70\x5f\x62\x61\x74\x63\x68\0\x72\x65\x71\x5f\x6c\x69\x73\x74\0\x6e\
\x65\x65\x64\x5f\x74\x73\0\x63\x6f\x6d\x70\x6c\x65\x74\x65\0\x64\x69\x72\x5f\
\x63\x6f\x6e\x74\x65\x78\x74\0\x61\x63\x74\x6f\x72\0\x70\x6f\x73\0\x66\x69\x6c\
\x6c\x64\x69\x72\x5f\x74\0\x5f\x5f\x70\x6f\x6c\x6c\x5f\x74\0\x70\x6f\x6c\x6c\
\x5f\x74\x61\x62\x6c\x65\x5f\x73\x74\x72\x75\x63\x74\0\x5f\x71\x70\x72\x6f\x63\
\0\x5f\x6b\x65\x79\0\x70\x6f\x6c\x6c\x5f\x71\x75\x65\x75\x65\x5f\x70\x72\x6f\
\x63\0\x77\x61\x69\x74\x5f\x71\x75\x65\x75\x65\x5f\x68\x65\x61\x64\0\x76\x6d\
\x5f\x61\x72\x65\x61\x5f\x73\x74\x72\x75\x63\x74\0\x76\x6d\x5f\x73\x74\x61\x72\
\x74\0\x76\x6d\x5f\x65\x6e\x64\0\x76\x6d\x5f\x6d\x6d\0\x76\x6d\x5f\x70\x61\x67\
\x65\x5f\x70\x72\x6f\x74\0\x76\x6d\x5f\x66\x6c\x61\x67\x73\0\x61\x6e\x6f\x6e\
\x5f\x76\x6d\x61\x5f\x63\x68\x61\x69\x6e\0\x61\x6e\x6f\x6e\x5f\x76\x6d\x61\0\
\x76\x6d\x5f\x6f\x70\x73\0\x76\x6d\x5f\x70\x67\x6f\x66\x66\0\x76\x6d\x5f\x66\
\x69\x6c\x65\0\x76\x6d\x5f\x70\x72\x69\x76\x61\x74\x65\x5f\x64\x61\x74\x61\0\
\x73\x77\x61\x70\x5f\x72\x65\x61\x64\x61\x68\x65\x61\x64\x5f\x69\x6e\x66\x6f\0\
\x76\x6d\x5f\x70\x6f\x6c\x69\x63\x79\0\x76\x6d\x5f\x75\x73\x65\x72\x66\x61\x75\
\x6c\x74\x66\x64\x5f\x63\x74\x78\0\x70\x67\x70\x72\x6f\x74\x5f\x74\0\x70\x67\
\x70\x72\x6f\x74\0\x70\x67\x70\x72\x6f\x74\x76\x61\x6c\x5f\x74\0\x73\x68\x61\
\x72\x65\x64\0\x61\x6e\x6f\x6e\x5f\x6e\x61\x6d\x65\0\x72\x62\0\x72\x62\x5f\x73\
\x75\x62\x74\x72\x65\x65\x5f\x6c\x61\x73\x74\0\x72\x62\x5f\x6e\x6f\x64\x65\0\
\x5f\x5f\x72\x62\x5f\x70\x61\x72\x65\x6e\x74\x5f\x63\x6f\x6c\x6f\x72\0\x72\x62\
\x5f\x72\x69\x67\x68\x74\0\x72\x62\x5f\x6c\x65\x66\x74\0\x66\x6c\x5f\x6f\x77\
\x6e\x65\x72\x5f\x74\0\x66\x69\x6c\x65\x5f\x6c\x6f\x63\x6b\0\x66\x6c\x5f\x62\
\x6c\x6f\x63\x6b\x65\x72\0\x66\x6c\x5f\x6c\x69\x73\x74\0\x66\x6c\x5f\x6c\x69\
\x6e\x6b\0\x66\x6c\x5f\x62\x6c\x6f\x63\x6b\x65\x64\x5f\x72\x65\x71\x75\x65\x73\
\x74\x73\0\x66\x6c\x5f\x62\x6c\x6f\x63\x6b\x65\x64\x5f\x6d\x65\x6d\x62\x65\x72\
\0\x66\x6c\x5f\x6f\x77\x6e\x65\x72\0\x66\x6c\x5f\x66\x6c\x61\x67\x73\0\x66\x6c\
\x5f\x74\x79\x70\x65\0\x66\x6c\x5f\x70\x69\x64\0\x66\x6c\x5f\x6c\x69\x6e\x6b\
\x5f\x63\x70\x75\0\x66\x6c\x5f\x77\x61\x69\x74\0\x66\x6c\x5f\x66\x69\x6c\x65\0\
\x66\x6c\x5f\x73\x74\x61\x72\x74\0\x66\x6c\x5f\x65\x6e\x64\0\x66\x6c\x5f\x66\
\x61\x73\x79\x6e\x63\0\x66\x6c\x5f\x62\x72\x65\x61\x6b\x5f\x74\x69\x6d\x65\0\
\x66\x6c\x5f\x64\x6f\x77\x6e\x67\x72\x61\x64\x65\x5f\x74\x69\x6d\x65\0\x66\x6c\
\x5f\x6f\x70\x73\0\x66\x6c\x5f\x6c\x6d\x6f\x70\x73\0\x66\x6c\x5f\x75\0\x6e\x66\
\x73\x5f\x66\x6c\0\x6e\x66\x73\x34\x5f\x66\x6c\0\x61\x66\x73\0\x6e\x66\x73\x5f\
\x6c\x6f\x63\x6b\x5f\x69\x6e\x66\x6f\0\x73\x74\x61\x74\x65\0\x6c\x69\x73\x74\0\
\x6e\x6c\x6d\x5f\x6c\x6f\x63\x6b\x6f\x77\x6e\x65\x72\0\x6e\x66\x73\x34\x5f\x6c\
\x6f\x63\x6b\x5f\x69\x6e\x66\x6f\0\x6e\x66\x73\x34\x5f\x6c\x6f\x63\x6b\x5f\x73\
\x74\x61\x74\x65\0\x6c\x69\x6e\x6b\0\x64\x65\x62\x75\x67\x5f\x69\x64\0\x70\x61\
\x67\x65\0\x66\x6c\x61\x67\x73\0\x5f\x72\x65\x66\x63\x6f\x75\x6e\x74\0\x6d\x65\
\x6d\x63\x67\x5f\x64\x61\x74\x61\0\x6d\x61\x70\x70\x69\x6e\x67\0\x69\x6e\x64\
\x65\x78\0\x6c\x72\x75\0\x62\x75\x64\x64\x79\x5f\x6c\x69\x73\x74\0\x70\x63\x70\
\x5f\x6c\x69\x73\x74\0\x5f\x5f\x66\x69\x6c\x6c\x65\x72\0\x6d\x6c\x6f\x63\x6b\
\x5f\x63\x6f\x75\x6e\x74\0\x70\x70\x5f\x6d\x61\x67\x69\x63\0\x70\x70\0\x5f\x70\
\x70\x5f\x6d\x61\x70\x70\x69\x6e\x67\x5f\x70\x61\x64\0\x64\x6d\x61\x5f\x61\x64\
\x64\x72\0\x64\x6d\x61\x5f\x61\x64\x64\x72\x5f\x75\x70\x70\x65\x72\0\x70\x70\
\x5f\x66\x72\x61\x67\x5f\x63\x6f\x75\x6e\x74\0\x63\x6f\x6d\x70\x6f\x75\x6e\x64\
\x5f\x68\x65\x61\x64\0\x63\x6f\x6d\x70\x6f\x75\x6e\x64\x5f\x64\x74\x6f\x72\0\
\x63\x6f\x6d\x70\x6f\x75\x6e\x64\x5f\x6f\x72\x64\x65\x72\0\x63\x6f\x6d\x70\x6f\
\x75\x6e\x64\x5f\x6d\x61\x70\x63\x6f\x75\x6e\x74\0\x63\x6f\x6d\x70\x6f\x75\x6e\
\x64\x5f\x70\x69\x6e\x63\x6f\x75\x6e\x74\0\x63\x6f\x6d\x70\x6f\x75\x6e\x64\x5f\
\x6e\x72\0\x5f\x63\x6f\x6d\x70\x6f\x75\x6e\x64\x5f\x70\x61\x64\x5f\x31\0\x5f\
\x63\x6f\x6d\x70\x6f\x75\x6e\x64\x5f\x70\x61\x64\x5f\x32\0\x64\x65\x66\x65\x72\
\x72\x65\x64\x5f\x6c\x69\x73\x74\0\x5f\x70\x74\x5f\x70\x61\x64\x5f\x31\0\x70\
\x6d\x64\x5f\x68\x75\x67\x65\x5f\x70\x74\x65\0\x5f\x70\x74\x5f\x70\x61\x64\x5f\
\x32\0\x70\x74\x6c\0\x70\x67\x74\x61\x62\x6c\x65\x5f\x74\0\x70\x74\x5f\x6d\x6d\
\0\x70\x74\x5f\x66\x72\x61\x67\x5f\x72\x65\x66\x63\x6f\x75\x6e\x74\0\x70\x67\
\x6d\x61\x70\0\x7a\x6f\x6e\x65\x5f\x64\x65\x76\x69\x63\x65\x5f\x64\x61\x74\x61\
\0\x5f\x6d\x61\x70\x63\x6f\x75\x6e\x74\0\x70\x61\x67\x65\x5f\x74\x79\x70\x65\0\
\x70\x69\x70\x65\x5f\x69\x6e\x6f\x64\x65\x5f\x69\x6e\x66\x6f\0\x72\x64\x5f\x77\
\x61\x69\x74\0\x77\x72\x5f\x77\x61\x69\x74\0\x6d\x61\x78\x5f\x75\x73\x61\x67\
\x65\0\x72\x69\x6e\x67\x5f\x73\x69\x7a\x65\0\x6e\x72\x5f\x61\x63\x63\x6f\x75\
\x6e\x74\x65\x64\0\x72\x65\x61\x64\x65\x72\x73\0\x77\x72\x69\x74\x65\x72\x73\0\
\x66\x69\x6c\x65\x73\0\x72\x5f\x63\x6f\x75\x6e\x74\x65\x72\0\x77\x5f\x63\x6f\
\x75\x6e\x74\x65\x72\0\x70\x6f\x6c\x6c\x5f\x75\x73\x61\x67\x65\0\x74\x6d\x70\
\x5f\x70\x61\x67\x65\0\x66\x61\x73\x79\x6e\x63\x5f\x72\x65\x61\x64\x65\x72\x73\
\0\x66\x61\x73\x79\x6e\x63\x5f\x77\x72\x69\x74\x65\x72\x73\0\x62\x75\x66\x73\0\
\x75\x73\x65\x72\0\x73\x65\x71\x5f\x66\x69\x6c\x65\0\x62\x75\x66\0\x66\x72\x6f\
\x6d\0\x70\x61\x64\x5f\x75\x6e\x74\x69\x6c\0\x72\x65\x61\x64\x5f\x70\x6f\x73\0\
\x6f\x70\0\x70\x6f\x6c\x6c\x5f\x65\x76\x65\x6e\x74\0\x69\x6f\x5f\x75\x72\x69\
\x6e\x67\x5f\x63\x6d\x64\0\x63\x6d\x64\0\x63\x6d\x64\x5f\x6f\x70\0\x70\x64\x75\
\0\x74\x61\x73\x6b\x5f\x77\x6f\x72\x6b\x5f\x63\x62\0\x63\x6f\x6f\x6b\x69\x65\0\
\x61\x64\x64\x72\x65\x73\x73\x5f\x73\x70\x61\x63\x65\0\x68\x6f\x73\x74\0\x69\
\x5f\x70\x61\x67\x65\x73\0\x69\x6e\x76\x61\x6c\x69\x64\x61\x74\x65\x5f\x6c\x6f\
\x63\x6b\0\x67\x66\x70\x5f\x6d\x61\x73\x6b\0\x69\x5f\x6d\x6d\x61\x70\x5f\x77\
\x72\x69\x74\x61\x62\x6c\x65\0\x69\x5f\x6d\x6d\x61\x70\0\x69\x5f\x6d\x6d\x61\
\x70\x5f\x72\x77\x73\x65\x6d\0\x6e\x72\x70\x61\x67\x65\x73\0\x77\x72\x69\x74\
\x65\x62\x61\x63\x6b\x5f\x69\x6e\x64\x65\x78\0\x61\x5f\x6f\x70\x73\0\x77\x62\
\x5f\x65\x72\x72\0\x70\x72\x69\x76\x61\x74\x65\x5f\x6c\x6f\x63\x6b\0\x70\x72\
\x69\x76\x61\x74\x65\x5f\x6c\x69\x73\x74\0\x78\x61\x5f\x6c\x6f\x63\x6b\0\x78\
\x61\x5f\x66\x6c\x61\x67\x73\0\x78\x61\x5f\x68\x65\x61\x64\0\x67\x66\x70\x5f\
\x74\0\x72\x62\x5f\x72\x6f\x6f\x74\x5f\x63\x61\x63\x68\x65\x64\0\x72\x62\x5f\
\x72\x6f\x6f\x74\0\x72\x62\x5f\x6c\x65\x66\x74\x6d\x6f\x73\x74\0\x69\x5f\x70\
\x69\x70\x65\0\x69\x5f\x63\x64\x65\x76\0\x69\x5f\x6c\x69\x6e\x6b\0\x69\x5f\x64\
\x69\x72\x5f\x73\x65\x71\0\x66\x69\x6c\x65\x5f\x70\x65\x72\x6d\x69\x73\x73\x69\
\x6f\x6e\0\x69\x6e\x6f\x64\x65\x5f\x63\x72\x65\x61\x74\x65\0\x69\x6e\x6f\x64\
\x65\x5f\x6c\x69\x6e\x6b\0\x69\x6e\x6f\x64\x65\x5f\x75\x6e\x6c\x69\x6e\x6b\0\
\x69\x6e\x6f\x64\x65\x5f\x73\x79\x6d\x6c\x69\x6e\x6b\0\x69\x6e\x6f\x64\x65\x5f\
\x6d\x6b\x64\x69\x72\0\x69\x6e\x6f\x64\x65\x5f\x72\x6d\x64\x69\x72\0\x69\x6e\
\x6f\x64\x65\x5f\x6d\x6b\x6e\x6f\x64\0\x69\x6e\x6f\x64\x65\x5f\x72\x65\x6e\x61\
\x6d\x65\0\x74\x61\x72\x67\x65\x74\x5f\x69\x6e\x6f\x64\x65\0\x4c\x49\x43\x45\
\x4e\x53\x45\0\x76\x66\x73\x6d\x6f\x75\x6e\x74\0\x6c\x6f\x63\x6b\x5f\x63\x6c\
\x61\x73\x73\x5f\x6b\x65\x79\0\x6c\x6f\x63\x6b\x64\x65\x70\x5f\x73\x75\x62\x63\
\x6c\x61\x73\x73\x5f\x6b\x65\x79\0\x6d\x6f\x64\x75\x6c\x65\0\x70\x6f\x73\x69\
\x78\x5f\x61\x63\x6c\0\x69\x6e\x6f\x64\x65\x5f\x6f\x70\x65\x72\x61\x74\x69\x6f\
\x6e\x73\0\x6d\x6d\x5f\x73\x74\x72\x75\x63\x74\0\x61\x64\x64\x72\x65\x73\x73\
\x5f\x73\x70\x61\x63\x65\x5f\x6f\x70\x65\x72\x61\x74\x69\x6f\x6e\x73\0\x70\x61\
\x67\x65\x5f\x70\x6f\x6f\x6c\0\x75\x73\x65\x72\x66\x61\x75\x6c\x74\x66\x64\x5f\
\x63\x74\x78\0\x72\x65\x71\x75\x65\x73\x74\0\x69\x6f\x76\x65\x63\0\x62\x69\x6f\
\x5f\x76\x65\x63\0\x66\x61\x73\x79\x6e\x63\x5f\x73\x74\x72\x75\x63\x74\0\x70\
\x69\x70\x65\x5f\x62\x75\x66\x66\x65\x72\0\x75\x73\x65\x72\x5f\x73\x74\x72\x75\
\x63\x74\0\x77\x61\x69\x74\x5f\x70\x61\x67\x65\x5f\x71\x75\x65\x75\x65\0\x61\
\x6e\x6f\x6e\x5f\x76\x6d\x61\x5f\x6e\x61\x6d\x65\0\x76\x6d\x5f\x6f\x70\x65\x72\
\x61\x74\x69\x6f\x6e\x73\x5f\x73\x74\x72\x75\x63\x74\0\x6d\x65\x6d\x70\x6f\x6c\
\x69\x63\x79\0\x73\x75\x70\x65\x72\x5f\x62\x6c\x6f\x63\x6b\0\x63\x72\x65\x64\0\
\x73\x65\x71\x5f\x6f\x70\x65\x72\x61\x74\x69\x6f\x6e\x73\0\x62\x64\x69\x5f\x77\
\x72\x69\x74\x65\x62\x61\x63\x6b\0\x66\x73\x6e\x6f\x74\x69\x66\x79\x5f\x6d\x61\
\x72\x6b\x5f\x63\x6f\x6e\x6e\x65\x63\x74\x6f\x72\0\x64\x65\x6e\x74\x72\x79\x5f\
\x6f\x70\x65\x72\x61\x74\x69\x6f\x6e\x73\0\x66\x69\x6c\x65\x5f\x6c\x6f\x63\x6b\
\x5f\x6f\x70\x65\x72\x61\x74\x69\x6f\x6e\x73\0\x6c\x6f\x63\x6b\x5f\x6d\x61\x6e\
\x61\x67\x65\x72\x5f\x6f\x70\x65\x72\x61\x74\x69\x6f\x6e\x73\0\x64\x65\x76\x5f\
\x70\x61\x67\x65\x6d\x61\x70\0\x63\x64\x65\x76\0\x66\x69\x6c\x65\x5f\x6c\x6f\
\x63\x6b\x5f\x63\x6f\x6e\x74\x65\x78\x74\0\x2f\x6d\x65\x64\x69\x61\x2f\x74\x61\
\x72\x75\x6e\x2f\x31\x54\x62\x2f\x63\x6f\x64\x65\x2f\x6d\x79\x5f\x70\x72\x6f\
\x6a\x65\x63\x74\x73\x2f\x6e\x61\x61\x72\x61\x64\x2f\x6e\x61\x61\x72\x61\x64\
\x2f\x73\x72\x63\x2f\x66\x69\x6c\x65\x5f\x6d\x6f\x6e\x69\x74\x6f\x72\x2e\x62\
\x70\x66\x2e\x63\0\x69\x6e\x74\x20\x42\x50\x46\x5f\x50\x52\x4f\x47\x28\x66\x69\
\x6c\x65\x5f\x6f\x70\x65\x6e\x2c\x20\x73\x74\x72\x75\x63\x74\x20\x66\x69\x6c\
\x65\x20\x2a\x66\x69\x6c\x65\x29\x20\x7b\0\x20\x20\x69\x66\x20\x28\x21\x69\x73\
\x5f\x74\x61\x72\x67\x65\x74\x5f\x64\x69\x72\x28\x42\x50\x46\x5f\x43\x4f\x52\
\x45\x5f\x52\x45\x41\x44\x28\x66\x69\x6c\x65\x2c\x20\x66\x5f\x70\x61\x74\x68\
\x2e\x64\x65\x6e\x74\x72\x79\x2d\x3e\x64\x5f\x70\x61\x72\x65\x6e\x74\x2d\x3e\
\x64\x5f\x69\x6e\x6f\x64\x65\x29\x29\x29\x20\x7b\0\x20\x20\x72\x65\x74\x75\x72\
\x6e\x20\x28\x42\x50\x46\x5f\x43\x4f\x52\x45\x5f\x52\x45\x41\x44\x28\x64\x69\
\x72\x2c\x20\x69\x5f\x69\x6e\x6f\x29\x20\x3d\x3d\x20\x74\x61\x72\x67\x65\x74\
\x5f\x69\x6e\x6f\x64\x65\x29\x3b\0\x20\x20\x75\x33\x32\x20\x7a\x65\x72\x6f\x20\
\x3d\x20\x30\x3b\0\x20\x20\x73\x74\x72\x75\x63\x74\x20\x64\x61\x74\x61\x5f\x74\
\x20\x2a\x64\x61\x74\x61\x20\x3d\x20\x62\x70\x66\x5f\x6d\x61\x70\x5f\x6c\x6f\
\x6f\x6b\x75\x70\x5f\x65\x6c\x65\x6d\x28\x26\x64\x61\x74\x61\x5f\x61\x72\x72\
\x61\x79\x2c\x20\x26\x7a\x65\x72\x6f\x29\x3b\0\x20\x20\x69\x66\x20\x28\x21\x64\
\x61\x74\x61\x29\0\x20\x20\x5f\x5f\x62\x75\x69\x6c\x74\x69\x6e\x5f\x6d\x65\x6d\
\x73\x65\x74\x28\x64\x61\x74\x61\x2c\x20\x30\x2c\x20\x73\x69\x7a\x65\x6f\x66\
\x28\x2a\x64\x61\x74\x61\x29\x29\x3b\0\x20\x20\x69\x66\x20\x28\x66\x69\x6c\x65\
\x2d\x3e\x66\x5f\x70\x61\x74\x68\x2e\x64\x65\x6e\x74\x72\x79\x20\x26\x26\x20\
\x66\x69\x6c\x65\x2d\x3e\x66\x5f\x70\x61\x74\x68\x2e\x6d\x6e\x74\x29\x20\x7b\0\
\x20\x20\x20\x20\x62\x70\x66\x5f\x64\x5f\x70\x61\x74\x68\x28\x26\x66\x69\x6c\
\x65\x2d\x3e\x66\x5f\x70\x61\x74\x68\x2c\x20\x64\x61\x74\x61\x2d\x3e\x66\x69\
\x6c\x65\x6e\x61\x6d\x65\x2c\x20\x73\x69\x7a\x65\x6f\x66\x28\x64\x61\x74\x61\
\x2d\x3e\x66\x69\x6c\x65\x6e\x61\x6d\x65\x29\x29\x3b\0\x20\x20\x20\x20\x75\x36\
\x34\x20\x69\x6e\x6f\x20\x3d\x20\x42\x50\x46\x5f\x43\x4f\x52\x45\x5f\x52\x45\
\x41\x44\x28\x66\x69\x6c\x65\x2c\x20\x66\x5f\x69\x6e\x6f\x64\x65\x2c\x20\x69\
\x5f\x69\x6e\x6f\x29\x3b\0\x20\x20\x20\x20\x62\x70\x66\x5f\x6d\x61\x70\x5f\x75\
\x70\x64\x61\x74\x65\x5f\x65\x6c\x65\x6d\x28\x26\x69\x6e\x6f\x64\x65\x5f\x63\
\x61\x63\x68\x65\x2c\x20\x26\x69\x6e\x6f\x2c\x20\x64\x61\x74\x61\x2c\x20\x42\
\x50\x46\x5f\x41\x4e\x59\x29\x3b\0\x20\x20\x5f\x5f\x62\x75\x69\x6c\x74\x69\x6e\
\x5f\x6d\x65\x6d\x63\x70\x79\x28\x64\x61\x74\x61\x2d\x3e\x6f\x70\x65\x72\x61\
\x74\x69\x6f\x6e\x2c\x20\x22\x6f\x70\x65\x6e\x22\x2c\x20\x73\x69\x7a\x65\x6f\
\x66\x28\x64\x61\x74\x61\x2d\x3e\x6f\x70\x65\x72\x61\x74\x69\x6f\x6e\x29\x29\
\x3b\0\x20\x20\x64\x61\x74\x61\x2d\x3e\x70\x69\x64\x20\x3d\x20\x62\x70\x66\x5f\
\x67\x65\x74\x5f\x63\x75\x72\x72\x65\x6e\x74\x5f\x70\x69\x64\x5f\x74\x67\x69\
\x64\x28\x29\x20\x3e\x3e\x20\x33\x32\x3b\0\x20\x20\x64\x61\x74\x61\x2d\x3e\x74\
\x69\x6d\x65\x73\x74\x61\x6d\x70\x20\x3d\x20\x62\x70\x66\x5f\x6b\x74\x69\x6d\
\x65\x5f\x67\x65\x74\x5f\x6e\x73\x28\x29\x3b\0\x20\x20\x5f\x5f\x75\x36\x34\x20\
\x75\x69\x64\x5f\x67\x69\x64\x20\x3d\x20\x62\x70\x66\x5f\x67\x65\x74\x5f\x63\
\x75\x72\x72\x65\x6e\x74\x5f\x75\x69\x64\x5f\x67\x69\x64\x28\x29\x3b\0\x20\x20\
\x64\x61\x74\x61\x2d\x3e\x75\x69\x64\x20\x3d\x20\x75\x69\x64\x5f\x67\x69\x64\
\x20\x26\x20\x30\x78\x46\x46\x46\x46\x46\x46\x46\x46\x3b\0\x20\x20\x64\x61\x74\
\x61\x2d\x3e\x67\x69\x64\x20\x3d\x20\x28\x75\x69\x64\x5f\x67\x69\x64\x20\x3e\
\x3e\x20\x33\x32\x29\x20\x26\x20\x30\x78\x46\x46\x46\x46\x46\x46\x46\x46\x3b\0\
\x20\x20\x62\x70\x66\x5f\x67\x65\x74\x5f\x63\x75\x72\x72\x65\x6e\x74\x5f\x63\
\x6f\x6d\x6d\x28\x26\x64\x61\x74\x61\x2d\x3e\x63\x6f\x6d\x6d\x2c\x20\x73\x69\
\x7a\x65\x6f\x66\x28\x64\x61\x74\x61\x2d\x3e\x63\x6f\x6d\x6d\x29\x29\x3b\0\x20\
\x20\x62\x70\x66\x5f\x70\x65\x72\x66\x5f\x65\x76\x65\x6e\x74\x5f\x6f\x75\x74\
\x70\x75\x74\x28\x63\x74\x78\x2c\x20\x26\x65\x76\x65\x6e\x74\x73\x2c\x20\x42\
\x50\x46\x5f\x46\x5f\x43\x55\x52\x52\x45\x4e\x54\x5f\x43\x50\x55\x2c\x20\x64\
\x61\x74\x61\x2c\x20\x73\x69\x7a\x65\x6f\x66\x28\x2a\x64\x61\x74\x61\x29\x29\
\x3b\0\x69\x6e\x74\x20\x42\x50\x46\x5f\x50\x52\x4f\x47\x28\x66\x69\x6c\x65\x5f\
\x70\x65\x72\x6d\x69\x73\x73\x69\x6f\x6e\x2c\x20\x73\x74\x72\x75\x63\x74\x20\
\x66\x69\x6c\x65\x20\x2a\x66\x69\x6c\x65\x2c\x20\x69\x6e\x74\x20\x6d\x61\x73\
\x6b\x29\x20\x7b\0\x20\x20\x75\x36\x34\x20\x69\x6e\x6f\x20\x3d\x20\x42\x50\x46\
\x5f\x43\x4f\x52\x45\x5f\x52\x45\x41\x44\x28\x66\x69\x6c\x65\x2c\x20\x66\x5f\
\x69\x6e\x6f\x64\x65\x2c\x20\x69\x5f\x69\x6e\x6f\x29\x3b\0\x20\x20\x73\x74\x72\
\x75\x63\x74\x20\x64\x61\x74\x61\x5f\x74\x20\x2a\x63\x61\x63\x68\x65\x64\x20\
\x3d\x20\x62\x70\x66\x5f\x6d\x61\x70\x5f\x6c\x6f\x6f\x6b\x75\x70\x5f\x65\x6c\
\x65\x6d\x28\x26\x69\x6e\x6f\x64\x65\x5f\x63\x61\x63\x68\x65\x2c\x20\x26\x69\
\x6e\x6f\x29\x3b\0\x20\x20\x69\x66\x20\x28\x63\x61\x63\x68\x65\x64\x29\x20\x7b\
\0\x20\x20\x20\x20\x5f\x5f\x62\x75\x69\x6c\x74\x69\x6e\x5f\x6d\x65\x6d\x63\x70\
\x79\x28\x64\x61\x74\x61\x2d\x3e\x66\x69\x6c\x65\x6e\x61\x6d\x65\x2c\x20\x63\
\x61\x63\x68\x65\x64\x2d\x3e\x66\x69\x6c\x65\x6e\x61\x6d\x65\x2c\x20\x73\x69\
\x7a\x65\x6f\x66\x28\x64\x61\x74\x61\x2d\x3e\x66\x69\x6c\x65\x6e\x61\x6d\x65\
\x29\x29\x3b\0\x20\x20\x69\x66\x20\x28\x6d\x61\x73\x6b\x20\x26\x20\x4d\x41\x59\
\x5f\x52\x45\x41\x44\x29\x20\x7b\0\x20\x20\x20\x20\x5f\x5f\x62\x75\x69\x6c\x74\
\x69\x6e\x5f\x6d\x65\x6d\x63\x70\x79\x28\x64\x61\x74\x61\x2d\x3e\x6f\x70\x65\
\x72\x61\x74\x69\x6f\x6e\x2c\x20\x22\x72\x65\x61\x64\x22\x2c\x20\x73\x69\x7a\
\x65\x6f\x66\x28\x64\x61\x74\x61\x2d\x3e\x6f\x70\x65\x72\x61\x74\x69\x6f\x6e\
\x29\x29\x3b\0\x20\x20\x69\x66\x20\x28\x6d\x61\x73\x6b\x20\x26\x20\x4d\x41\x59\
\x5f\x57\x52\x49\x54\x45\x29\x20\x7b\0\x20\x20\x20\x20\x5f\x5f\x62\x75\x69\x6c\
\x74\x69\x6e\x5f\x6d\x65\x6d\x63\x70\x79\x28\x64\x61\x74\x61\x2d\x3e\x6f\x70\
\x65\x72\x61\x74\x69\x6f\x6e\x2c\x20\x22\x77\x72\x69\x74\x65\x22\x2c\x20\x73\
\x69\x7a\x65\x6f\x66\x28\x64\x61\x74\x61\x2d\x3e\x6f\x70\x65\x72\x61\x74\x69\
\x6f\x6e\x29\x29\x3b\0\x69\x6e\x74\x20\x42\x50\x46\x5f\x50\x52\x4f\x47\x28\x69\
\x6e\x6f\x64\x65\x5f\x63\x72\x65\x61\x74\x65\x2c\x20\x73\x74\x72\x75\x63\x74\
\x20\x69\x6e\x6f\x64\x65\x20\x2a\x64\x69\x72\x2c\x20\x73\x74\x72\x75\x63\x74\
\x20\x64\x65\x6e\x74\x72\x79\x20\x2a\x64\x65\x6e\x74\x72\x79\x2c\0\x20\x20\x69\
\x66\x20\x28\x21\x69\x73\x5f\x74\x61\x72\x67\x65\x74\x5f\x64\x69\x72\x28\x64\
\x69\x72\x29\x29\x20\x7b\0\x20\x20\x20\x20\x20\x20\x20\x20\x20\x20\x20\x20\x20\
\x20\x20\x20\x20\x20\x20\x20\x20\x42\x50\x46\x5f\x43\x4f\x52\x45\x5f\x52\x45\
\x41\x44\x28\x64\x65\x6e\x74\x72\x79\x2c\x20\x64\x5f\x6e\x61\x6d\x65\x2e\x6e\
\x61\x6d\x65\x29\x29\x3b\0\x20\x20\x62\x70\x66\x5f\x70\x72\x6f\x62\x65\x5f\x72\
\x65\x61\x64\x5f\x73\x74\x72\x28\x64\x61\x74\x61\x2d\x3e\x66\x69\x6c\x65\x6e\
\x61\x6d\x65\x2c\x20\x73\x69\x7a\x65\x6f\x66\x28\x64\x61\x74\x61\x2d\x3e\x66\
\x69\x6c\x65\x6e\x61\x6d\x65\x29\x2c\0\x20\x20\x5f\x5f\x62\x75\x69\x6c\x74\x69\
\x6e\x5f\x6d\x65\x6d\x63\x70\x79\x28\x64\x61\x74\x61\x2d\x3e\x6f\x70\x65\x72\
\x61\x74\x69\x6f\x6e\x2c\x20\x22\x63\x72\x65\x61\x74\x65\x22\x2c\x20\x73\x69\
\x7a\x65\x6f\x66\x28\x64\x61\x74\x61\x2d\x3e\x6f\x70\x65\x72\x61\x74\x69\x6f\
\x6e\x29\x29\x3b\0\x69\x6e\x74\x20\x42\x50\x46\x5f\x50\x52\x4f\x47\x28\x69\x6e\
\x6f\x64\x65\x5f\x6c\x69\x6e\x6b\x2c\x20\x73\x74\x72\x75\x63\x74\x20\x64\x65\
\x6e\x74\x72\x79\x20\x2a\x6f\x6c\x64\x5f\x64\x65\x6e\x74\x72\x79\x2c\x20\x73\
\x74\x72\x75\x63\x74\x20\x69\x6e\x6f\x64\x65\x20\x2a\x64\x69\x72\x2c\0\x20\x20\
\x20\x20\x20\x20\x20\x20\x20\x20\x20\x20\x20\x20\x20\x20\x20\x20\x20\x20\x20\
\x42\x50\x46\x5f\x43\x4f\x52\x45\x5f\x52\x45\x41\x44\x28\x6e\x65\x77\x5f\x64\
\x65\x6e\x74\x72\x79\x2c\x20\x64\x5f\x6e\x61\x6d\x65\x2e\x6e\x61\x6d\x65\x29\
\x29\x3b\0\x20\x20\x5f\x5f\x62\x75\x69\x6c\x74\x69\x6e\x5f\x6d\x65\x6d\x63\x70\
\x79\x28\x64\x61\x74\x61\x2d\x3e\x6f\x70\x65\x72\x61\x74\x69\x6f\x6e\x2c\x20\
\x22\x6c\x69\x6e\x6b\x22\x2c\x20\x73\x69\x7a\x65\x6f\x66\x28\x64\x61\x74\x61\
\x2d\x3e\x6f\x70\x65\x72\x61\x74\x69\x6f\x6e\x29\x29\x3b\0\x69\x6e\x74\x20\x42\
\x50\x46\x5f\x50\x52\x4f\x47\x28\x69\x6e\x6f\x64\x65\x5f\x75\x6e\x6c\x69\x6e\
\x6b\x2c\x20\x73\x74\x72\x75\x63\x74\x20\x69\x6e\x6f\x64\x65\x20\x2a\x64\x69\
\x72\x2c\x20\x73\x74\x72\x75\x63\x74\x20\x64\x65\x6e\x74\x72\x79\x20\x2a\x64\
\x65\x6e\x74\x72\x79\x29\x20\x7b\0\x20\x20\x5f\x5f\x62\x75\x69\x6c\x74\x69\x6e\
\x5f\x6d\x65\x6d\x63\x70\x79\x28\x64\x61\x74\x61\x2d\x3e\x6f\x70\x65\x72\x61\
\x74\x69\x6f\x6e\x2c\x20\x22\x75\x6e\x6c\x69\x6e\x6b\x22\x2c\x20\x73\x69\x7a\
\x65\x6f\x66\x28\x64\x61\x74\x61\x2d\x3e\x6f\x70\x65\x72\x61\x74\x69\x6f\x6e\
\x29\x29\x3b\0\x69\x6e\x74\x20\x42\x50\x46\x5f\x50\x52\x4f\x47\x28\x69\x6e\x6f\
\x64\x65\x5f\x73\x79\x6d\x6c\x69\x6e\x6b\x2c\x20\x73\x74\x72\x75\x63\x74\x20\
\x69\x6e\x6f\x64\x65\x20\x2a\x64\x69\x72\x2c\x20\x73\x74\x72\x75\x63\x74\x20\
\x64\x65\x6e\x74\x72\x79\x20\x2a\x64\x65\x6e\x74\x72\x79\x2c\0\x20\x20\x5f\x5f\
\x62\x75\x69\x6c\x74\x69\x6e\x5f\x6d\x65\x6d\x63\x70\x79\x28\x64\x61\x74\x61\
\x2d\x3e\x6f\x70\x65\x72\x61\x74\x69\x6f\x6e\x2c\x20\x22\x73\x79\x6d\x6c\x69\
\x6e\x6b\x22\x2c\x20\x73\x69\x7a\x65\x6f\x66\x28\x64\x61\x74\x61\x2d\x3e\x6f\
\x70\x65\x72\x61\x74\x69\x6f\x6e\x29\x29\x3b\0\x69\x6e\x74\x20\x42\x50\x46\x5f\
\x50\x52\x4f\x47\x28\x69\x6e\x6f\x64\x65\x5f\x6d\x6b\x64\x69\x72\x2c\x20\x73\
\x74\x72\x75\x63\x74\x20\x69\x6e\x6f\x64\x65\x20\x2a\x64\x69\x72\x2c\x20\x73\
\x74\x72\x75\x63\x74\x20\x64\x65\x6e\x74\x72\x79\x20\x2a\x64\x65\x6e\x74\x72\
\x79\x2c\0\x20\x20\x5f\x5f\x62\x75\x69\x6c\x74\x69\x6e\x5f\x6d\x65\x6d\x63\x70\
\x79\x28\x64\x61\x74\x61\x2d\x3e\x6f\x70\x65\x72\x61\x74\x69\x6f\x6e\x2c\x20\
\x22\x6d\x6b\x64\x69\x72\x22\x2c\x20\x73\x69\x7a\x65\x6f\x66\x28\x64\x61\x74\
\x61\x2d\x3e\x6f\x70\x65\x72\x61\x74\x69\x6f\x6e\x29\x29\x3b\0\x69\x6e\x74\x20\
\x42\x50\x46\x5f\x50\x52\x4f\x47\x28\x69\x6e\x6f\x64\x65\x5f\x72\x6d\x64\x69\
\x72\x2c\x20\x73\x74\x72\x75\x63\x74\x20\x69\x6e\x6f\x64\x65\x20\x2a\x64\x69\
\x72\x2c\x20\x73\x74\x72\x75\x63\x74\x20\x64\x65\x6e\x74\x72\x79\x20\x2a\x64\
\x65\x6e\x74\x72\x79\x29\x20\x7b\0\x20\x20\x5f\x5f\x62\x75\x69\x6c\x74\x69\x6e\
\x5f\x6d\x65\x6d\x63\x70\x79\x28\x64\x61\x74\x61\x2d\x3e\x6f\x70\x65\x72\x61\
\x74\x69\x6f\x6e\x2c\x20\x22\x72\x6d\x64\x69\x72\x22\x2c\x20\x73\x69\x7a\x65\
\x6f\x66\x28\x64\x61\x74\x61\x2d\x3e\x6f\x70\x65\x72\x61\x74\x69\x6f\x6e\x29\
\x29\x3b\0\x69\x6e\x74\x20\x42\x50\x46\x5f\x50\x52\x4f\x47\x28\x69\x6e\x6f\x64\
\x65\x5f\x6d\x6b\x6e\x6f\x64\x2c\x20\x73\x74\x72\x75\x63\x74\x20\x69\x6e\x6f\
\x64\x65\x20\x2a\x64\x69\x72\x2c\x20\x73\x74\x72\x75\x63\x74\x20\x64\x65\x6e\
\x74\x72\x79\x20\x2a\x64\x65\x6e\x74\x72\x79\x2c\0\x20\x20\x5f\x5f\x62\x75\x69\
\x6c\x74\x69\x6e\x5f\x6d\x65\x6d\x63\x70\x79\x28\x64\x61\x74\x61\x2d\x3e\x6f\
\x70\x65\x72\x61\x74\x69\x6f\x6e\x2c\x20\x22\x6d\x6b\x6e\x6f\x64\x22\x2c\x20\
\x73\x69\x7a\x65\x6f\x66\x28\x64\x61\x74\x61\x2d\x3e\x6f\x70\x65\x72\x61\x74\
\x69\x6f\x6e\x29\x29\x3b\0\x69\x6e\x74\x20\x42\x50\x46\x5f\x50\x52\x4f\x47\x28\
\x69\x6e\x6f\x64\x65\x5f\x72\x65\x6e\x61\x6d\x65\x2c\x20\x73\x74\x72\x75\x63\
\x74\x20\x69\x6e\x6f\x64\x65\x20\x2a\x6f\x6c\x64\x5f\x64\x69\x72\x2c\x20\x73\
\x74\x72\x75\x63\x74\x20\x64\x65\x6e\x74\x72\x79\x20\x2a\x6f\x6c\x64\x5f\x64\
\x65\x6e\x74\x72\x79\x2c\0\x20\x20\x69\x66\x20\x28\x21\x69\x73\x5f\x74\x61\x72\
\x67\x65\x74\x5f\x64\x69\x72\x28\x6f\x6c\x64\x5f\x64\x69\x72\x29\x20\x26\x26\
\x20\x21\x69\x73\x5f\x74\x61\x72\x67\x65\x74\x5f\x64\x69\x72\x28\x6e\x65\x77\
\x5f\x64\x69\x72\x29\x29\x20\x7b\0\x20\x20\x20\x20\x20\x20\x20\x20\x20\x20\x20\
\x20\x20\x20\x20\x20\x20\x20\x20\x20\x20\x42\x50\x46\x5f\x43\x4f\x52\x45\x5f\
\x52\x45\x41\x44\x28\x6f\x6c\x64\x5f\x64\x65\x6e\x74\x72\x79\x2c\x20\x64\x5f\
\x6e\x61\x6d\x65\x2e\x6e\x61\x6d\x65\x29\x29\x3b\0\x20\x20\x62\x70\x66\x5f\x70\
\x72\x6f\x62\x65\x5f\x72\x65\x61\x64\x5f\x73\x74\x72\x28\x64\x61\x74\x61\x2d\
\x3e\x6e\x65\x77\x5f\x66\x69\x6c\x65\x6e\x61\x6d\x65\x2c\x20\x73\x69\x7a\x65\
\x6f\x66\x28\x64\x61\x74\x61\x2d\x3e\x6e\x65\x77\x5f\x66\x69\x6c\x65\x6e\x61\
\x6d\x65\x29\x2c\0\x20\x20\x5f\x5f\x62\x75\x69\x6c\x74\x69\x6e\x5f\x6d\x65\x6d\
\x63\x70\x79\x28\x64\x61\x74\x61\x2d\x3e\x6f\x70\x65\x72\x61\x74\x69\x6f\x6e\
\x2c\x20\x22\x72\x65\x6e\x61\x6d\x65\x22\x2c\x20\x73\x69\x7a\x65\x6f\x66\x28\
\x64\x61\x74\x61\x2d\x3e\x6f\x70\x65\x72\x61\x74\x69\x6f\x6e\x29\x29\x3b\0\x30\
\x3a\x31\x3a\x31\0\x30\x3a\x33\0\x30\x3a\x35\0\x30\x3a\x31\x31\0\x30\x3a\x31\
\x3a\x30\0\x30\x3a\x31\0\x30\x3a\x32\0\x30\x3a\x34\x3a\x31\0\x2e\x72\x6f\x64\
\x61\x74\x61\0\x6c\x69\x63\x65\x6e\x73\x65\0\x2e\x6d\x61\x70\x73\0\x6c\x73\x6d\
\x2f\x66\x69\x6c\x65\x5f\x6f\x70\x65\x6e\0\x6c\x73\x6d\x2f\x66\x69\x6c\x65\x5f\
\x70\x65\x72\x6d\x69\x73\x73\x69\x6f\x6e\0\x6c\x73\x6d\x2f\x69\x6e\x6f\x64\x65\
\x5f\x63\x72\x65\x61\x74\x65\0\x6c\x73\x6d\x2f\x69\x6e\x6f\x64\x65\x5f\x6c\x69\
\x6e\x6b\0\x6c\x73\x6d\x2f\x69\x6e\x6f\x64\x65\x5f\x75\x6e\x6c\x69\x6e\x6b\0\
\x6c\x73\x6d\x2f\x69\x6e\x6f\x64\x65\x5f\x73\x79\x6d\x6c\x69\x6e\x6b\0\x6c\x73\
\x6d\x2f\x69\x6e\x6f\x64\x65\x5f\x6d\x6b\x64\x69\x72\0\x6c\x73\x6d\x2f\x69\x6e\
\x6f\x64\x65\x5f\x72\x6d\x64\x69\x72\0\x6c\x73\x6d\x2f\x69\x6e\x6f\x64\x65\x5f\
\x6d\x6b\x6e\x6f\x64\0\x6c\x73\x6d\x2f\x69\x6e\x6f\x64\x65\x5f\x72\x65\x6e\x61\
\x6d\x65\0\0\x9f\xeb\x01\0\x20\0\0\0\0\0\0\0\xa4\0\0\0\xa4\0\0\0\x54\x15\0\0\
\xf8\x15\0\0\x44\x02\0\0\x08\0\0\0\x71\x20\0\0\x01\0\0\0\0\0\0\0\x20\0\0\0\x7f\
\x20\0\0\x01\0\0\0\0\0\0\0\x5d\x01\0\0\x93\x20\0\0\x01\0\0\0\0\0\0\0\x5e\x01\0\
\0\xa4\x20\0\0\x01\0\0\0\0\0\0\0\x5f\x01\0\0\xb3\x20\0\0\x01\0\0\0\0\0\0\0\x60\
\x01\0\0\xc4\x20\0\0\x01\0\0\0\0\0\0\0\x61\x01\0\0\xd6\x20\0\0\x01\0\0\0\0\0\0\
\0\x62\x01\0\0\xe6\x20\0\0\x01\0\0\0\0\0\0\0\x63\x01\0\0\xf6\x20\0\0\x01\0\0\0\
\0\0\0\0\x64\x01\0\0\x06\x21\0\0\x01\0\0\0\0\0\0\0\x65\x01\0\0\x10\0\0\0\x71\
\x20\0\0\x29\0\0\0\0\0\0\0\x51\x14\0\0\x98\x14\0\0\0\x10\x01\0\x08\0\0\0\x51\
\x14\0\0\x98\x14\0\0\x05\x10\x01\0\x10\0\0\0\x51\x14\0\0\xc5\x14\0\0\x16\x14\
\x01\0\x38\0\0\0\x51\x14\0\0\0\0\0\0\0\0\0\0\x40\0\0\0\x51\x14\0\0\xc5\x14\0\0\
\x16\x14\x01\0\x58\0\0\0\x51\x14\0\0\xc5\x14\0\0\x16\x14\x01\0\x70\0\0\0\x51\
\x14\0\0\0\0\0\0\0\0\0\0\x78\0\0\0\x51\x14\0\0\x14\x15\0\0\x0b\xd8\0\0\x88\0\0\
\0\x51\x14\0\0\x14\x15\0\0\x0b\xd8\0\0\x90\0\0\0\x51\x14\0\0\x14\x15\0\0\x28\
\xd8\0\0\xa8\0\0\0\x51\x14\0\0\xc5\x14\0\0\x07\x14\x01\0\xb8\0\0\0\x51\x14\0\0\
\x4a\x15\0\0\x07\x24\x01\0\xd0\0\0\0\x51\x14\0\0\x5a\x15\0\0\x19\x28\x01\0\xf0\
\0\0\0\x51\x14\0\0\x9b\x15\0\0\x07\x2c\x01\0\0\x01\0\0\x51\x14\0\0\0\0\0\0\0\0\
\0\0\x08\x01\0\0\x51\x14\0\0\xa8\x15\0\0\x03\x38\x01\0\x40\x03\0\0\x51\x14\0\0\
\xd4\x15\0\0\x14\x40\x01\0\x48\x03\0\0\x51\x14\0\0\xd4\x15\0\0\x1b\x40\x01\0\
\x50\x03\0\0\x51\x14\0\0\xd4\x15\0\0\x2b\x40\x01\0\x58\x03\0\0\x51\x14\0\0\xd4\
\x15\0\0\x07\x40\x01\0\x78\x03\0\0\x51\x14\0\0\x05\x16\0\0\x25\x44\x01\0\x88\
\x03\0\0\x51\x14\0\0\x05\x16\0\0\x05\x44\x01\0\xb0\x03\0\0\x51\x14\0\0\x05\x16\
\0\0\x25\x44\x01\0\xb8\x03\0\0\x51\x14\0\0\x4c\x16\0\0\x0f\x48\x01\0\xf0\x03\0\
\0\x51\x14\0\0\x05\x16\0\0\x25\x44\x01\0\xf8\x03\0\0\x51\x14\0\0\x4c\x16\0\0\
\x0f\x48\x01\0\x10\x04\0\0\x51\x14\0\0\x7f\x16\0\0\x05\x4c\x01\0\x48\x04\0\0\
\x51\x14\0\0\xbb\x16\0\0\x03\x58\x01\0\xe8\x04\0\0\x51\x14\0\0\x01\x17\0\0\x0f\
\xe8\0\0\xf0\x04\0\0\x51\x14\0\0\x01\x17\0\0\x2a\xe8\0\0\xf8\x04\0\0\x51\x14\0\
\0\x01\x17\0\0\x0d\xe8\0\0\0\x05\0\0\x51\x14\0\0\x31\x17\0\0\x15\xec\0\0\x08\
\x05\0\0\x51\x14\0\0\x31\x17\0\0\x13\xec\0\0\x10\x05\0\0\x51\x14\0\0\x59\x17\0\
\0\x13\xf0\0\0\x18\x05\0\0\x51\x14\0\0\x86\x17\0\0\x0d\xf4\0\0\x20\x05\0\0\x51\
\x14\0\0\xaa\x17\0\0\x18\xf8\0\0\x28\x05\0\0\x51\x14\0\0\xaa\x17\0\0\x0d\xf8\0\
\0\x30\x05\0\0\x51\x14\0\0\xd6\x17\0\0\x1f\xfc\0\0\x38\x05\0\0\x51\x14\0\0\xd6\
\x17\0\0\x03\xfc\0\0\x50\x05\0\0\x51\x14\0\0\x0f\x18\0\0\x03\0\x01\0\x90\x05\0\
\0\x51\x14\0\0\x98\x14\0\0\x05\x10\x01\0\x7f\x20\0\0\x34\0\0\0\0\0\0\0\x51\x14\
\0\0\x5e\x18\0\0\0\x74\x01\0\x08\0\0\0\x51\x14\0\0\x5e\x18\0\0\x05\x74\x01\0\
\x18\0\0\0\x51\x14\0\0\xc5\x14\0\0\x16\x78\x01\0\x40\0\0\0\x51\x14\0\0\0\0\0\0\
\0\0\0\0\x48\0\0\0\x51\x14\0\0\xc5\x14\0\0\x16\x78\x01\0\x60\0\0\0\x51\x14\0\0\
\xc5\x14\0\0\x16\x78\x01\0\x78\0\0\0\x51\x14\0\0\0\0\0\0\0\0\0\0\x80\0\0\0\x51\
\x14\0\0\x14\x15\0\0\x0b\xd8\0\0\x90\0\0\0\x51\x14\0\0\x14\x15\0\0\x0b\xd8\0\0\
\x98\0\0\0\x51\x14\0\0\x14\x15\0\0\x28\xd8\0\0\xb0\0\0\0\x51\x14\0\0\xc5\x14\0\
\0\x07\x78\x01\0\xc8\0\0\0\x51\x14\0\0\x4a\x15\0\0\x07\x88\x01\0\xe0\0\0\0\x51\
\x14\0\0\x5a\x15\0\0\x19\x8c\x01\0\0\x01\0\0\x51\x14\0\0\x9b\x15\0\0\x07\x90\
\x01\0\x08\x01\0\0\x51\x14\0\0\xa8\x15\0\0\x03\x9c\x01\0\x60\x03\0\0\x51\x14\0\
\0\x9b\x18\0\0\x0d\xa4\x01\0\x98\x03\0\0\x51\x14\0\0\xa8\x15\0\0\x03\x9c\x01\0\
\xa0\x03\0\0\x51\x14\0\0\x9b\x18\0\0\x0d\xa4\x01\0\xb8\x03\0\0\x51\x14\0\0\xcc\
\x18\0\0\x1b\xa8\x01\0\xd8\x03\0\0\x51\x14\0\0\x0f\x19\0\0\x07\xac\x01\0\xe0\
\x03\0\0\x51\x14\0\0\x1f\x19\0\0\x05\xb0\x01\0\xe8\x05\0\0\x51\x14\0\0\x6f\x19\
\0\0\x0c\xbc\x01\0\xf8\x05\0\0\x51\x14\0\0\x6f\x19\0\0\x07\xbc\x01\0\x08\x06\0\
\0\x51\x14\0\0\x88\x19\0\0\x05\xc0\x01\0\xa8\x06\0\0\x51\x14\0\0\x01\x17\0\0\
\x0f\xe8\0\0\xb0\x06\0\0\x51\x14\0\0\x01\x17\0\0\x2a\xe8\0\0\xb8\x06\0\0\x51\
\x14\0\0\x01\x17\0\0\x0d\xe8\0\0\xc0\x06\0\0\x51\x14\0\0\x31\x17\0\0\x15\xec\0\
\0\xc8\x06\0\0\x51\x14\0\0\x31\x17\0\0\x13\xec\0\0\xd0\x06\0\0\x51\x14\0\0\x59\
\x17\0\0\x13\xf0\0\0\xd8\x06\0\0\x51\x14\0\0\x86\x17\0\0\x0d\xf4\0\0\xe0\x06\0\
\0\x51\x14\0\0\xaa\x17\0\0\x18\xf8\0\0\xe8\x06\0\0\x51\x14\0\0\xaa\x17\0\0\x0d\
\xf8\0\0\xf0\x06\0\0\x51\x14\0\0\xd6\x17\0\0\x1f\xfc\0\0\0\x07\0\0\x51\x14\0\0\
\xd6\x17\0\0\x03\xfc\0\0\x10\x07\0\0\x51\x14\0\0\x0f\x18\0\0\x03\0\x01\0\x50\
\x07\0\0\x51\x14\0\0\xd0\x19\0\0\x0c\xcc\x01\0\x58\x07\0\0\x51\x14\0\0\xd0\x19\
\0\0\x07\xcc\x01\0\x68\x07\0\0\x51\x14\0\0\xea\x19\0\0\x05\xd0\x01\0\x10\x08\0\
\0\x51\x14\0\0\x01\x17\0\0\x0f\xe8\0\0\x18\x08\0\0\x51\x14\0\0\x01\x17\0\0\x2a\
\xe8\0\0\x20\x08\0\0\x51\x14\0\0\x01\x17\0\0\x0d\xe8\0\0\x28\x08\0\0\x51\x14\0\
\0\x31\x17\0\0\x15\xec\0\0\x30\x08\0\0\x51\x14\0\0\x31\x17\0\0\x13\xec\0\0\x38\
\x08\0\0\x51\x14\0\0\x59\x17\0\0\x13\xf0\0\0\x40\x08\0\0\x51\x14\0\0\x86\x17\0\
\0\x0d\xf4\0\0\x48\x08\0\0\x51\x14\0\0\xaa\x17\0\0\x18\xf8\0\0\x50\x08\0\0\x51\
\x14\0\0\xaa\x17\0\0\x0d\xf8\0\0\x58\x08\0\0\x51\x14\0\0\xd6\x17\0\0\x1f\xfc\0\
\0\x68\x08\0\0\x51\x14\0\0\xd6\x17\0\0\x03\xfc\0\0\x78\x08\0\0\x51\x14\0\0\x0f\
\x18\0\0\x03\0\x01\0\xb8\x08\0\0\x51\x14\0\0\x5e\x18\0\0\x05\x74\x01\0\x93\x20\
\0\0\x1d\0\0\0\0\0\0\0\x51\x14\0\0\x33\x1a\0\0\0\xf0\x01\0\x10\0\0\0\x51\x14\0\
\0\x33\x1a\0\0\x05\xf0\x01\0\x30\0\0\0\x51\x14\0\0\0\0\0\0\0\0\0\0\x38\0\0\0\
\x51\x14\0\0\x14\x15\0\0\x0b\xd8\0\0\x48\0\0\0\x51\x14\0\0\x14\x15\0\0\x0b\xd8\
\0\0\x50\0\0\0\x51\x14\0\0\x14\x15\0\0\x28\xd8\0\0\x68\0\0\0\x51\x14\0\0\x78\
\x1a\0\0\x07\xf8\x01\0\x78\0\0\0\x51\x14\0\0\x4a\x15\0\0\x07\x08\x02\0\x90\0\0\
\0\x51\x14\0\0\x5a\x15\0\0\x19\x0c\x02\0\xa8\0\0\0\x51\x14\0\0\x9b\x15\0\0\x07\
\x10\x02\0\xb0\0\0\0\x51\x14\0\0\xa8\x15\0\0\x03\x1c\x02\0\x08\x03\0\0\x51\x14\
\0\0\x95\x1a\0\0\x16\x24\x02\0\x28\x03\0\0\x51\x14\0\0\x95\x1a\0\0\x16\x24\x02\
\0\x30\x03\0\0\x51\x14\0\0\xa8\x15\0\0\x03\x1c\x02\0\x40\x03\0\0\x51\x14\0\0\
\xcf\x1a\0\0\x03\x20\x02\0\x58\x03\0\0\x51\x14\0\0\x0c\x1b\0\0\x03\x28\x02\0\
\xf8\x03\0\0\x51\x14\0\0\x01\x17\0\0\x0f\xe8\0\0\0\x04\0\0\x51\x14\0\0\x01\x17\
\0\0\x2a\xe8\0\0\x08\x04\0\0\x51\x14\0\0\x01\x17\0\0\x0d\xe8\0\0\x10\x04\0\0\
\x51\x14\0\0\x31\x17\0\0\x15\xec\0\0\x18\x04\0\0\x51\x14\0\0\x31\x17\0\0\x13\
\xec\0\0\x20\x04\0\0\x51\x14\0\0\x59\x17\0\0\x13\xf0\0\0\x28\x04\0\0\x51\x14\0\
\0\x86\x17\0\0\x0d\xf4\0\0\x30\x04\0\0\x51\x14\0\0\xaa\x17\0\0\x18\xf8\0\0\x38\
\x04\0\0\x51\x14\0\0\xaa\x17\0\0\x0d\xf8\0\0\x40\x04\0\0\x51\x14\0\0\xa8\x15\0\
\0\x03\x1c\x02\0\x50\x04\0\0\x51\x14\0\0\xd6\x17\0\0\x03\xfc\0\0\x60\x04\0\0\
\x51\x14\0\0\x0f\x18\0\0\x03\0\x01\0\xa0\x04\0\0\x51\x14\0\0\x33\x1a\0\0\x05\
\xf0\x01\0\xa4\x20\0\0\x1d\0\0\0\0\0\0\0\x51\x14\0\0\x54\x1b\0\0\0\x40\x02\0\
\x10\0\0\0\x51\x14\0\0\x54\x1b\0\0\x05\x40\x02\0\x30\0\0\0\x51\x14\0\0\0\0\0\0\
\0\0\0\0\x38\0\0\0\x51\x14\0\0\x14\x15\0\0\x0b\xd8\0\0\x48\0\0\0\x51\x14\0\0\
\x14\x15\0\0\x0b\xd8\0\0\x50\0\0\0\x51\x14\0\0\x14\x15\0\0\x28\xd8\0\0\x68\0\0\
\0\x51\x14\0\0\x78\x1a\0\0\x07\x48\x02\0\x78\0\0\0\x51\x14\0\0\x4a\x15\0\0\x07\
\x58\x02\0\x90\0\0\0\x51\x14\0\0\x5a\x15\0\0\x19\x5c\x02\0\xa8\0\0\0\x51\x14\0\
\0\x9b\x15\0\0\x07\x60\x02\0\xb0\0\0\0\x51\x14\0\0\xa8\x15\0\0\x03\x6c\x02\0\
\x08\x03\0\0\x51\x14\0\0\x9b\x1b\0\0\x16\x74\x02\0\x28\x03\0\0\x51\x14\0\0\x9b\
\x1b\0\0\x16\x74\x02\0\x30\x03\0\0\x51\x14\0\0\xa8\x15\0\0\x03\x6c\x02\0\x40\
\x03\0\0\x51\x14\0\0\xcf\x1a\0\0\x03\x70\x02\0\x58\x03\0\0\x51\x14\0\0\xd9\x1b\
\0\0\x03\x78\x02\0\xf0\x03\0\0\x51\x14\0\0\x01\x17\0\0\x0f\xe8\0\0\xf8\x03\0\0\
\x51\x14\0\0\x01\x17\0\0\x2a\xe8\0\0\0\x04\0\0\x51\x14\0\0\x01\x17\0\0\x0d\xe8\
\0\0\x08\x04\0\0\x51\x14\0\0\x31\x17\0\0\x15\xec\0\0\x10\x04\0\0\x51\x14\0\0\
\x31\x17\0\0\x13\xec\0\0\x18\x04\0\0\x51\x14\0\0\x59\x17\0\0\x13\xf0\0\0\x20\
\x04\0\0\x51\x14\0\0\x86\x17\0\0\x0d\xf4\0\0\x28\x04\0\0\x51\x14\0\0\xaa\x17\0\
\0\x18\xf8\0\0\x30\x04\0\0\x51\x14\0\0\xaa\x17\0\0\x0d\xf8\0\0\x38\x04\0\0\x51\
\x14\0\0\xa8\x15\0\0\x03\x6c\x02\0\x48\x04\0\0\x51\x14\0\0\xd6\x17\0\0\x03\xfc\
\0\0\x58\x04\0\0\x51\x14\0\0\x0f\x18\0\0\x03\0\x01\0\x98\x04\0\0\x51\x14\0\0\
\x54\x1b\0\0\x05\x40\x02\0\xb3\x20\0\0\x1d\0\0\0\0\0\0\0\x51\x14\0\0\x1f\x1c\0\
\0\0\x90\x02\0\x10\0\0\0\x51\x14\0\0\x1f\x1c\0\0\x05\x90\x02\0\x30\0\0\0\x51\
\x14\0\0\0\0\0\0\0\0\0\0\x38\0\0\0\x51\x14\0\0\x14\x15\0\0\x0b\xd8\0\0\x48\0\0\
\0\x51\x14\0\0\x14\x15\0\0\x0b\xd8\0\0\x50\0\0\0\x51\x14\0\0\x14\x15\0\0\x28\
\xd8\0\0\x68\0\0\0\x51\x14\0\0\x78\x1a\0\0\x07\x94\x02\0\x78\0\0\0\x51\x14\0\0\
\x4a\x15\0\0\x07\xa4\x02\0\x90\0\0\0\x51\x14\0\0\x5a\x15\0\0\x19\xa8\x02\0\xa8\
\0\0\0\x51\x14\0\0\x9b\x15\0\0\x07\xac\x02\0\xb0\0\0\0\x51\x14\0\0\xa8\x15\0\0\
\x03\xb8\x02\0\x08\x03\0\0\x51\x14\0\0\x95\x1a\0\0\x16\xc0\x02\0\x28\x03\0\0\
\x51\x14\0\0\x95\x1a\0\0\x16\xc0\x02\0\x30\x03\0\0\x51\x14\0\0\xa8\x15\0\0\x03\
\xb8\x02\0\x40\x03\0\0\x51\x14\0\0\xcf\x1a\0\0\x03\xbc\x02\0\x58\x03\0\0\x51\
\x14\0\0\x66\x1c\0\0\x03\xc4\x02\0\xf8\x03\0\0\x51\x14\0\0\x01\x17\0\0\x0f\xe8\
\0\0\0\x04\0\0\x51\x14\0\0\x01\x17\0\0\x2a\xe8\0\0\x08\x04\0\0\x51\x14\0\0\x01\
\x17\0\0\x0d\xe8\0\0\x10\x04\0\0\x51\x14\0\0\x31\x17\0\0\x15\xec\0\0\x18\x04\0\
\0\x51\x14\0\0\x31\x17\0\0\x13\xec\0\0\x20\x04\0\0\x51\x14\0\0\x59\x17\0\0\x13\
\xf0\0\0\x28\x04\0\0\x51\x14\0\0\x86\x17\0\0\x0d\xf4\0\0\x30\x04\0\0\x51\x14\0\
\0\xaa\x17\0\0\x18\xf8\0\0\x38\x04\0\0\x51\x14\0\0\xaa\x17\0\0\x0d\xf8\0\0\x40\
\x04\0\0\x51\x14\0\0\xa8\x15\0\0\x03\xb8\x02\0\x50\x04\0\0\x51\x14\0\0\xd6\x17\
\0\0\x03\xfc\0\0\x60\x04\0\0\x51\x14\0\0\x0f\x18\0\0\x03\0\x01\0\xa0\x04\0\0\
\x51\x14\0\0\x1f\x1c\0\0\x05\x90\x02\0\xc4\x20\0\0\x1d\0\0\0\0\0\0\0\x51\x14\0\
\0\xae\x1c\0\0\0\xdc\x02\0\x10\0\0\0\x51\x14\0\0\xae\x1c\0\0\x05\xdc\x02\0\x30\
\0\0\0\x51\x14\0\0\0\0\0\0\0\0\0\0\x38\0\0\0\x51\x14\0\0\x14\x15\0\0\x0b\xd8\0\
\0\x48\0\0\0\x51\x14\0\0\x14\x15\0\0\x0b\xd8\0\0\x50\0\0\0\x51\x14\0\0\x14\x15\
\0\0\x28\xd8\0\0\x68\0\0\0\x51\x14\0\0\x78\x1a\0\0\x07\xe4\x02\0\x78\0\0\0\x51\
\x14\0\0\x4a\x15\0\0\x07\xf4\x02\0\x90\0\0\0\x51\x14\0\0\x5a\x15\0\0\x19\xf8\
\x02\0\xa8\0\0\0\x51\x14\0\0\x9b\x15\0\0\x07\xfc\x02\0\xb0\0\0\0\x51\x14\0\0\
\xa8\x15\0\0\x03\x08\x03\0\x08\x03\0\0\x51\x14\0\0\x95\x1a\0\0\x16\x10\x03\0\
\x28\x03\0\0\x51\x14\0\0\x95\x1a\0\0\x16\x10\x03\0\x30\x03\0\0\x51\x14\0\0\xa8\
\x15\0\0\x03\x08\x03\0\x40\x03\0\0\x51\x14\0\0\xcf\x1a\0\0\x03\x0c\x03\0\x58\
\x03\0\0\x51\x14\0\0\xf4\x1c\0\0\x03\x14\x03\0\x08\x04\0\0\x51\x14\0\0\x01\x17\
\0\0\x0f\xe8\0\0\x10\x04\0\0\x51\x14\0\0\x01\x17\0\0\x2a\xe8\0\0\x18\x04\0\0\
\x51\x14\0\0\x01\x17\0\0\x0d\xe8\0\0\x20\x04\0\0\x51\x14\0\0\x31\x17\0\0\x15\
\xec\0\0\x28\x04\0\0\x51\x14\0\0\x31\x17\0\0\x13\xec\0\0\x30\x04\0\0\x51\x14\0\
\0\x59\x17\0\0\x13\xf0\0\0\x38\x04\0\0\x51\x14\0\0\x86\x17\0\0\x0d\xf4\0\0\x40\
\x04\0\0\x51\x14\0\0\xaa\x17\0\0\x18\xf8\0\0\x48\x04\0\0\x51\x14\0\0\xaa\x17\0\
\0\x0d\xf8\0\0\x50\x04\0\0\x51\x14\0\0\xa8\x15\0\0\x03\x08\x03\0\x60\x04\0\0\
\x51\x14\0\0\xd6\x17\0\0\x03\xfc\0\0\x70\x04\0\0\x51\x14\0\0\x0f\x18\0\0\x03\0\
\x01\0\xb0\x04\0\0\x51\x14\0\0\xae\x1c\0\0\x05\xdc\x02\0\xd6\x20\0\0\x1d\0\0\0\
\0\0\0\0\x51\x14\0\0\x3d\x1d\0\0\0\x2c\x03\0\x10\0\0\0\x51\x14\0\0\x3d\x1d\0\0\
\x05\x2c\x03\0\x30\0\0\0\x51\x14\0\0\0\0\0\0\0\0\0\0\x38\0\0\0\x51\x14\0\0\x14\
\x15\0\0\x0b\xd8\0\0\x48\0\0\0\x51\x14\0\0\x14\x15\0\0\x0b\xd8\0\0\x50\0\0\0\
\x51\x14\0\0\x14\x15\0\0\x28\xd8\0\0\x68\0\0\0\x51\x14\0\0\x78\x1a\0\0\x07\x34\
\x03\0\x78\0\0\0\x51\x14\0\0\x4a\x15\0\0\x07\x44\x03\0\x90\0\0\0\x51\x14\0\0\
\x5a\x15\0\0\x19\x48\x03\0\xa8\0\0\0\x51\x14\0\0\x9b\x15\0\0\x07\x4c\x03\0\xb0\
\0\0\0\x51\x14\0\0\xa8\x15\0\0\x03\x58\x03\0\x08\x03\0\0\x51\x14\0\0\x95\x1a\0\
\0\x16\x60\x03\0\x28\x03\0\0\x51\x14\0\0\x95\x1a\0\0\x16\x60\x03\0\x30\x03\0\0\
\x51\x14\0\0\xa8\x15\0\0\x03\x58\x03\0\x40\x03\0\0\x51\x14\0\0\xcf\x1a\0\0\x03\
\x5c\x03\0\x58\x03\0\0\x51\x14\0\0\x81\x1d\0\0\x03\x64\x03\0\xf8\x03\0\0\x51\
\x14\0\0\x01\x17\0\0\x0f\xe8\0\0\0\x04\0\0\x51\x14\0\0\x01\x17\0\0\x2a\xe8\0\0\
\x08\x04\0\0\x51\x14\0\0\x01\x17\0\0\x0d\xe8\0\0\x10\x04\0\0\x51\x14\0\0\x31\
\x17\0\0\x15\xec\0\0\x18\x04\0\0\x51\x14\0\0\x31\x17\0\0\x13\xec\0\0\x20\x04\0\
\0\x51\x14\0\0\x59\x17\0\0\x13\xf0\0\0\x28\x04\0\0\x51\x14\0\0\x86\x17\0\0\x0d\
\xf4\0\0\x30\x04\0\0\x51\x14\0\0\xaa\x17\0\0\x18\xf8\0\0\x38\x04\0\0\x51\x14\0\
\0\xaa\x17\0\0\x0d\xf8\0\0\x40\x04\0\0\x51\x14\0\0\xa8\x15\0\0\x03\x58\x03\0\
\x50\x04\0\0\x51\x14\0\0\xd6\x17\0\0\x03\xfc\0\0\x60\x04\0\0\x51\x14\0\0\x0f\
\x18\0\0\x03\0\x01\0\xa0\x04\0\0\x51\x14\0\0\x3d\x1d\0\0\x05\x2c\x03\0\xe6\x20\
\0\0\x1d\0\0\0\0\0\0\0\x51\x14\0\0\xc8\x1d\0\0\0\x7c\x03\0\x10\0\0\0\x51\x14\0\
\0\xc8\x1d\0\0\x05\x7c\x03\0\x30\0\0\0\x51\x14\0\0\0\0\0\0\0\0\0\0\x38\0\0\0\
\x51\x14\0\0\x14\x15\0\0\x0b\xd8\0\0\x48\0\0\0\x51\x14\0\0\x14\x15\0\0\x0b\xd8\
\0\0\x50\0\0\0\x51\x14\0\0\x14\x15\0\0\x28\xd8\0\0\x68\0\0\0\x51\x14\0\0\x78\
\x1a\0\0\x07\x80\x03\0\x78\0\0\0\x51\x14\0\0\x4a\x15\0\0\x07\x90\x03\0\x90\0\0\
\0\x51\x14\0\0\x5a\x15\0\0\x19\x94\x03\0\xa8\0\0\0\x51\x14\0\0\x9b\x15\0\0\x07\
\x98\x03\0\xb0\0\0\0\x51\x14\0\0\xa8\x15\0\0\x03\xa4\x03\0\x08\x03\0\0\x51\x14\
\0\0\x95\x1a\0\0\x16\xac\x03\0\x28\x03\0\0\x51\x14\0\0\x95\x1a\0\0\x16\xac\x03\
\0\x30\x03\0\0\x51\x14\0\0\xa8\x15\0\0\x03\xa4\x03\0\x40\x03\0\0\x51\x14\0\0\
\xcf\x1a\0\0\x03\xa8\x03\0\x58\x03\0\0\x51\x14\0\0\x0e\x1e\0\0\x03\xb0\x03\0\
\xf0\x03\0\0\x51\x14\0\0\x01\x17\0\0\x0f\xe8\0\0\xf8\x03\0\0\x51\x14\0\0\x01\
\x17\0\0\x2a\xe8\0\0\0\x04\0\0\x51\x14\0\0\x01\x17\0\0\x0d\xe8\0\0\x08\x04\0\0\
\x51\x14\0\0\x31\x17\0\0\x15\xec\0\0\x10\x04\0\0\x51\x14\0\0\x31\x17\0\0\x13\
\xec\0\0\x18\x04\0\0\x51\x14\0\0\x59\x17\0\0\x13\xf0\0\0\x20\x04\0\0\x51\x14\0\
\0\x86\x17\0\0\x0d\xf4\0\0\x28\x04\0\0\x51\x14\0\0\xaa\x17\0\0\x18\xf8\0\0\x30\
\x04\0\0\x51\x14\0\0\xaa\x17\0\0\x0d\xf8\0\0\x38\x04\0\0\x51\x14\0\0\xa8\x15\0\
\0\x03\xa4\x03\0\x48\x04\0\0\x51\x14\0\0\xd6\x17\0\0\x03\xfc\0\0\x58\x04\0\0\
\x51\x14\0\0\x0f\x18\0\0\x03\0\x01\0\x98\x04\0\0\x51\x14\0\0\xc8\x1d\0\0\x05\
\x7c\x03\0\xf6\x20\0\0\x1d\0\0\0\0\0\0\0\x51\x14\0\0\x55\x1e\0\0\0\xc8\x03\0\
\x10\0\0\0\x51\x14\0\0\x55\x1e\0\0\x05\xc8\x03\0\x30\0\0\0\x51\x14\0\0\0\0\0\0\
\0\0\0\0\x38\0\0\0\x51\x14\0\0\x14\x15\0\0\x0b\xd8\0\0\x48\0\0\0\x51\x14\0\0\
\x14\x15\0\0\x0b\xd8\0\0\x50\0\0\0\x51\x14\0\0\x14\x15\0\0\x28\xd8\0\0\x68\0\0\
\0\x51\x14\0\0\x78\x1a\0\0\x07\xd0\x03\0\x78\0\0\0\x51\x14\0\0\x4a\x15\0\0\x07\
\xe0\x03\0\x90\0\0\0\x51\x14\0\0\x5a\x15\0\0\x19\xe4\x03\0\xa8\0\0\0\x51\x14\0\
\0\x9b\x15\0\0\x07\xe8\x03\0\xb0\0\0\0\x51\x14\0\0\xa8\x15\0\0\x03\xf4\x03\0\
\x08\x03\0\0\x51\x14\0\0\x95\x1a\0\0\x16\xfc\x03\0\x28\x03\0\0\x51\x14\0\0\x95\
\x1a\0\0\x16\xfc\x03\0\x30\x03\0\0\x51\x14\0\0\xa8\x15\0\0\x03\xf4\x03\0\x40\
\x03\0\0\x51\x14\0\0\xcf\x1a\0\0\x03\xf8\x03\0\x58\x03\0\0\x51\x14\0\0\x99\x1e\
\0\0\x03\0\x04\0\xf8\x03\0\0\x51\x14\0\0\x01\x17\0\0\x0f\xe8\0\0\0\x04\0\0\x51\
\x14\0\0\x01\x17\0\0\x2a\xe8\0\0\x08\x04\0\0\x51\x14\0\0\x01\x17\0\0\x0d\xe8\0\
\0\x10\x04\0\0\x51\x14\0\0\x31\x17\0\0\x15\xec\0\0\x18\x04\0\0\x51\x14\0\0\x31\
\x17\0\0\x13\xec\0\0\x20\x04\0\0\x51\x14\0\0\x59\x17\0\0\x13\xf0\0\0\x28\x04\0\
\0\x51\x14\0\0\x86\x17\0\0\x0d\xf4\0\0\x30\x04\0\0\x51\x14\0\0\xaa\x17\0\0\x18\
\xf8\0\0\x38\x04\0\0\x51\x14\0\0\xaa\x17\0\0\x0d\xf8\0\0\x40\x04\0\0\x51\x14\0\
\0\xa8\x15\0\0\x03\xf4\x03\0\x50\x04\0\0\x51\x14\0\0\xd6\x17\0\0\x03\xfc\0\0\
\x60\x04\0\0\x51\x14\0\0\x0f\x18\0\0\x03\0\x01\0\xa0\x04\0\0\x51\x14\0\0\x55\
\x1e\0\0\x05\xc8\x03\0\x06\x21\0\0\x28\0\0\0\0\0\0\0\x51\x14\0\0\xe0\x1e\0\0\0\
\x18\x04\0\x10\0\0\0\x51\x14\0\0\xe0\x1e\0\0\x05\x18\x04\0\x40\0\0\0\x51\x14\0\
\0\x14\x15\0\0\x0b\xd8\0\0\x50\0\0\0\x51\x14\0\0\0\0\0\0\0\0\0\0\x58\0\0\0\x51\
\x14\0\0\x14\x15\0\0\x0b\xd8\0\0\x68\0\0\0\x51\x14\0\0\x14\x15\0\0\x0b\xd8\0\0\
\x70\0\0\0\x51\x14\0\0\x14\x15\0\0\x28\xd8\0\0\x88\0\0\0\x51\x14\0\0\x2d\x1f\0\
\0\x1f\x24\x04\0\xa0\0\0\0\x51\x14\0\0\0\0\0\0\0\0\0\0\xa8\0\0\0\x51\x14\0\0\
\x14\x15\0\0\x0b\xd8\0\0\xc0\0\0\0\x51\x14\0\0\x14\x15\0\0\x0b\xd8\0\0\xc8\0\0\
\0\x51\x14\0\0\x14\x15\0\0\x28\xd8\0\0\xd0\0\0\0\x51\x14\0\0\x2d\x1f\0\0\x07\
\x24\x04\0\xe0\0\0\0\x51\x14\0\0\x4a\x15\0\0\x07\x34\x04\0\xf8\0\0\0\x51\x14\0\
\0\x5a\x15\0\0\x19\x38\x04\0\x10\x01\0\0\x51\x14\0\0\x9b\x15\0\0\x07\x3c\x04\0\
\x18\x01\0\0\x51\x14\0\0\xa8\x15\0\0\x03\x48\x04\0\x78\x03\0\0\x51\x14\0\0\x69\
\x1f\0\0\x16\x50\x04\0\x90\x03\0\0\x51\x14\0\0\x69\x1f\0\0\x16\x50\x04\0\x98\
\x03\0\0\x51\x14\0\0\xa8\x15\0\0\x03\x48\x04\0\xa8\x03\0\0\x51\x14\0\0\xcf\x1a\
\0\0\x03\x4c\x04\0\xd0\x03\0\0\x51\x14\0\0\xa8\x15\0\0\x03\x48\x04\0\xd8\x03\0\
\0\x51\x14\0\0\x9b\x1b\0\0\x16\x58\x04\0\xe8\x03\0\0\x51\x14\0\0\x9b\x1b\0\0\
\x16\x58\x04\0\xf0\x03\0\0\x51\x14\0\0\xa8\x15\0\0\x03\x48\x04\0\0\x04\0\0\x51\
\x14\0\0\xa7\x1f\0\0\x03\x54\x04\0\x18\x04\0\0\x51\x14\0\0\xec\x1f\0\0\x03\x5c\
\x04\0\xb8\x04\0\0\x51\x14\0\0\x01\x17\0\0\x0f\xe8\0\0\xc0\x04\0\0\x51\x14\0\0\
\x01\x17\0\0\x2a\xe8\0\0\xc8\x04\0\0\x51\x14\0\0\x01\x17\0\0\x0d\xe8\0\0\xd0\
\x04\0\0\x51\x14\0\0\x31\x17\0\0\x15\xec\0\0\xd8\x04\0\0\x51\x14\0\0\x31\x17\0\
\0\x13\xec\0\0\xe0\x04\0\0\x51\x14\0\0\x59\x17\0\0\x13\xf0\0\0\xe8\x04\0\0\x51\
\x14\0\0\x86\x17\0\0\x0d\xf4\0\0\xf0\x04\0\0\x51\x14\0\0\xaa\x17\0\0\x18\xf8\0\
\0\xf8\x04\0\0\x51\x14\0\0\xaa\x17\0\0\x0d\xf8\0\0\0\x05\0\0\x51\x14\0\0\xa8\
\x15\0\0\x03\x48\x04\0\x10\x05\0\0\x51\x14\0\0\xd6\x17\0\0\x03\xfc\0\0\x20\x05\
\0\0\x51\x14\0\0\x0f\x18\0\0\x03\0\x01\0\x60\x05\0\0\x51\x14\0\0\xe0\x1e\0\0\
\x05\x18\x04\0\x10\0\0\0\x71\x20\0\0\x09\0\0\0\x10\0\0\0\x21\0\0\0\x34\x20\0\0\
\0\0\0\0\x18\0\0\0\x77\0\0\0\x3a\x20\0\0\0\0\0\0\x20\0\0\0\x77\0\0\0\x3e\x20\0\
\0\0\0\0\0\x50\0\0\0\x90\0\0\0\x42\x20\0\0\0\0\0\0\x40\x03\0\0\x21\0\0\0\x34\
\x20\0\0\0\0\0\0\x50\x03\0\0\x21\0\0\0\x47\x20\0\0\0\0\0\0\x60\x03\0\0\x21\0\0\
\0\x4d\x20\0\0\0\0\0\0\x98\x03\0\0\x21\0\0\0\x51\x20\0\0\0\0\0\0\xd0\x03\0\0\
\x90\0\0\0\x42\x20\0\0\0\0\0\0\x7f\x20\0\0\x06\0\0\0\x18\0\0\0\x21\0\0\0\x34\
\x20\0\0\0\0\0\0\x20\0\0\0\x77\0\0\0\x3a\x20\0\0\0\0\0\0\x28\0\0\0\x77\0\0\0\
\x3e\x20\0\0\0\0\0\0\x58\0\0\0\x90\0\0\0\x42\x20\0\0\0\0\0\0\x40\x03\0\0\x21\0\
\0\0\x51\x20\0\0\0\0\0\0\x78\x03\0\0\x90\0\0\0\x42\x20\0\0\0\0\0\0\x93\x20\0\0\
\x02\0\0\0\x08\0\0\0\x90\0\0\0\x42\x20\0\0\0\0\0\0\xe8\x02\0\0\x77\0\0\0\x55\
\x20\0\0\0\0\0\0\xa4\x20\0\0\x02\0\0\0\x08\0\0\0\x90\0\0\0\x42\x20\0\0\0\0\0\0\
\xe8\x02\0\0\x77\0\0\0\x55\x20\0\0\0\0\0\0\xb3\x20\0\0\x02\0\0\0\x08\0\0\0\x90\
\0\0\0\x42\x20\0\0\0\0\0\0\xe8\x02\0\0\x77\0\0\0\x55\x20\0\0\0\0\0\0\xc4\x20\0\
\0\x02\0\0\0\x08\0\0\0\x90\0\0\0\x42\x20\0\0\0\0\0\0\xe8\x02\0\0\x77\0\0\0\x55\
\x20\0\0\0\0\0\0\xd6\x20\0\0\x02\0\0\0\x08\0\0\0\x90\0\0\0\x42\x20\0\0\0\0\0\0\
\xe8\x02\0\0\x77\0\0\0\x55\x20\0\0\0\0\0\0\xe6\x20\0\0\x02\0\0\0\x08\0\0\0\x90\
\0\0\0\x42\x20\0\0\0\0\0\0\xe8\x02\0\0\x77\0\0\0\x55\x20\0\0\0\0\0\0\xf6\x20\0\
\0\x02\0\0\0\x08\0\0\0\x90\0\0\0\x42\x20\0\0\0\0\0\0\xe8\x02\0\0\x77\0\0\0\x55\
\x20\0\0\0\0\0\0\x06\x21\0\0\x02\0\0\0\x08\0\0\0\x90\0\0\0\x42\x20\0\0\0\0\0\0\
\x50\x03\0\0\x77\0\0\0\x55\x20\0\0\0\0\0\0\0\0\0\0\0\0\0\0\0\0\0\0\0\0\0\0\0\0\
\0\0\0\0\0\0\0\0\0\0\0\0\0\0\0\0\0\0\0\0\0\0\0\0\0\0\0\0\0\0\0\0\0\0\0\0\0\0\0\
\0\0\0\0\0\0\0\0\0\0\0\x01\0\0\0\x03\0\0\0\x20\0\0\0\0\0\0\0\0\0\0\0\0\0\0\0\
\x40\0\0\0\0\0\0\0\xde\x02\0\0\0\0\0\0\0\0\0\0\0\0\0\0\x01\0\0\0\0\0\0\0\0\0\0\
\0\0\0\0\0\x09\0\0\0\x02\0\0\0\0\0\0\0\0\0\0\0\0\0\0\0\0\0\0\0\x20\x03\0\0\0\0\
\0\0\xf0\x03\0\0\0\0\0\0\x01\0\0\0\0\0\0\0\x08\0\0\0\0\0\0\0\x18\0\0\0\0\0\0\0\
\x11\0\0\0\x01\0\0\0\x06\0\0\0\0\0\0\0\0\0\0\0\0\0\0\0\x10\x07\0\0\0\0\0\0\xa0\
\x05\0\0\0\0\0\0\0\0\0\0\0\0\0\0\x08\0\0\0\0\0\0\0\0\0\0\0\0\0\0\0\x1f\0\0\0\
\x01\0\0\0\x06\0\0\0\0\0\0\0\0\0\0\0\0\0\0\0\xb0\x0c\0\0\0\0\0\0\xc8\x08\0\0\0\
\0\0\0\0\0\0\0\0\0\0\0\x08\0\0\0\0\0\0\0\0\0\0\0\0\0\0\0\x33\0\0\0\x01\0\0\0\
\x06\0\0\0\0\0\0\0\0\0\0\0\0\0\0\0\x78\x15\0\0\0\0\0\0\xb0\x04\0\0\0\0\0\0\0\0\
\0\0\0\0\0\0\x08\0\0\0\0\0\0\0\0\0\0\0\0\0\0\0\x44\0\0\0\x01\0\0\0\x06\0\0\0\0\
\0\0\0\0\0\0\0\0\0\0\0\x28\x1a\0\0\0\0\0\0\xa8\x04\0\0\0\0\0\0\0\0\0\0\0\0\0\0\
\x08\0\0\0\0\0\0\0\0\0\0\0\0\0\0\0\x53\0\0\0\x01\0\0\0\x06\0\0\0\0\0\0\0\0\0\0\
\0\0\0\0\0\xd0\x1e\0\0\0\0\0\0\xb0\x04\0\0\0\0\0\0\0\0\0\0\0\0\0\0\x08\0\0\0\0\
\0\0\0\0\0\0\0\0\0\0\0\x64\0\0\0\x01\0\0\0\x06\0\0\0\0\0\0\0\0\0\0\0\0\0\0\0\
\x80\x23\0\0\0\0\0\0\xc0\x04\0\0\0\0\0\0\0\0\0\0\0\0\0\0\x08\0\0\0\0\0\0\0\0\0\
\0\0\0\0\0\0\x76\0\0\0\x01\0\0\0\x06\0\0\0\0\0\0\0\0\0\0\0\0\0\0\0\x40\x28\0\0\
\0\0\0\0\xb0\x04\0\0\0\0\0\0\0\0\0\0\0\0\0\0\x08\0\0\0\0\0\0\0\0\0\0\0\0\0\0\0\
\x86\0\0\0\x01\0\0\0\x06\0\0\0\0\0\0\0\0\0\0\0\0\0\0\0\xf0\x2c\0\0\0\0\0\0\xa8\
\x04\0\0\0\0\0\0\0\0\0\0\0\0\0\0\x08\0\0\0\0\0\0\0\0\0\0\0\0\0\0\0\x96\0\0\0\
\x01\0\0\0\x06\0\0\0\0\0\0\0\0\0\0\0\0\0\0\0\x98\x31\0\0\0\0\0\0\xb0\x04\0\0\0\
\0\0\0\0\0\0\0\0\0\0\0\x08\0\0\0\0\0\0\0\0\0\0\0\0\0\0\0\xa6\0\0\0\x01\0\0\0\
\x06\0\0\0\0\0\0\0\0\0\0\0\0\0\0\0\x48\x36\0\0\0\0\0\0\x70\x05\0\0\0\0\0\0\0\0\
\0\0\0\0\0\0\x08\0\0\0\0\0\0\0\0\0\0\0\0\0\0\0\xb7\0\0\0\x01\0\0\0\x02\0\0\0\0\
\0\0\0\0\0\0\0\0\0\0\0\xb8\x3b\0\0\0\0\0\0\x08\0\0\0\0\0\0\0\0\0\0\0\0\0\0\0\
\x08\0\0\0\0\0\0\0\0\0\0\0\0\0\0\0\xbf\0\0\0\x01\0\0\0\x03\0\0\0\0\0\0\0\0\0\0\
\0\0\0\0\0\xc0\x3b\0\0\0\0\0\0\x04\0\0\0\0\0\0\0\0\0\0\0\0\0\0\0\x01\0\0\0\0\0\
\0\0\0\0\0\0\0\0\0\0\xc7\0\0\0\x01\0\0\0\x03\0\0\0\0\0\0\0\0\0\0\0\0\0\0\0\xc8\
\x3b\0\0\0\0\0\0\x58\0\0\0\0\0\0\0\0\0\0\0\0\0\0\0\x08\0\0\0\0\0\0\0\0\0\0\0\0\
\0\0\0\xcd\0\0\0\x01\0\0\0\x32\0\0\0\0\0\0\0\0\0\0\0\0\0\0\0\x20\x3c\0\0\0\0\0\
\0\x44\0\0\0\0\0\0\0\0\0\0\0\0\0\0\0\x01\0\0\0\0\0\0\0\x01\0\0\0\0\0\0\0\x02\
\x02\0\0\x09\0\0\0\x40\0\0\0\0\0\0\0\0\0\0\0\0\0\0\0\x68\x3c\0\0\0\0\0\0\x40\0\
\0\0\0\0\0\0\x02\0\0\0\x03\0\0\0\x08\0\0\0\0\0\0\0\x10\0\0\0\0\0\0\0\x14\x02\0\
\0\x09\0\0\0\x40\0\0\0\0\0\0\0\0\0\0\0\0\0\0\0\xa8\x3c\0\0\0\0\0\0\x50\0\0\0\0\
\0\0\0\x02\0\0\0\x04\0\0\0\x08\0\0\0\0\0\0\0\x10\0\0\0\0\0\0\0\x2c\x02\0\0\x09\
\0\0\0\x40\0\0\0\0\0\0\0\0\0\0\0\0\0\0\0\xf8\x3c\0\0\0\0\0\0\x30\0\0\0\0\0\0\0\
\x02\0\0\0\x05\0\0\0\x08\0\0\0\0\0\0\0\x10\0\0\0\0\0\0\0\x41\x02\0\0\x09\0\0\0\
\x40\0\0\0\0\0\0\0\0\0\0\0\0\0\0\0\x28\x3d\0\0\0\0\0\0\x30\0\0\0\0\0\0\0\x02\0\
\0\0\x06\0\0\0\x08\0\0\0\0\0\0\0\x10\0\0\0\0\0\0\0\x54\x02\0\0\x09\0\0\0\x40\0\
\0\0\0\0\0\0\0\0\0\0\0\0\0\0\x58\x3d\0\0\0\0\0\0\x30\0\0\0\0\0\0\0\x02\0\0\0\
\x07\0\0\0\x08\0\0\0\0\0\0\0\x10\0\0\0\0\0\0\0\x69\x02\0\0\x09\0\0\0\x40\0\0\0\
\0\0\0\0\0\0\0\0\0\0\0\0\x88\x3d\0\0\0\0\0\0\x30\0\0\0\0\0\0\0\x02\0\0\0\x08\0\
\0\0\x08\0\0\0\0\0\0\0\x10\0\0\0\0\0\0\0\x7f\x02\0\0\x09\0\0\0\x40\0\0\0\0\0\0\
\0\0\0\0\0\0\0\0\0\xb8\x3d\0\0\0\0\0\0\x30\0\0\0\0\0\0\0\x02\0\0\0\x09\0\0\0\
\x08\0\0\0\0\0\0\0\x10\0\0\0\0\0\0\0\x93\x02\0\0\x09\0\0\0\x40\0\0\0\0\0\0\0\0\
\0\0\0\0\0\0\0\xe8\x3d\0\0\0\0\0\0\x30\0\0\0\0\0\0\0\x02\0\0\0\x0a\0\0\0\x08\0\
\0\0\0\0\0\0\x10\0\0\0\0\0\0\0\xa7\x02\0\0\x09\0\0\0\x40\0\0\0\0\0\0\0\0\0\0\0\
\0\0\0\0\x18\x3e\0\0\0\0\0\0\x30\0\0\0\0\0\0\0\x02\0\0\0\x0b\0\0\0\x08\0\0\0\0\
\0\0\0\x10\0\0\0\0\0\0\0\xbb\x02\0\0\x09\0\0\0\x40\0\0\0\0\0\0\0\0\0\0\0\0\0\0\
\0\x48\x3e\0\0\0\0\0\0\x30\0\0\0\0\0\0\0\x02\0\0\0\x0c\0\0\0\x08\0\0\0\0\0\0\0\
\x10\0\0\0\0\0\0\0\xd0\x02\0\0\x01\0\0\0\0\0\0\0\0\0\0\0\0\0\0\0\0\0\0\0\x78\
\x3e\0\0\0\0\0\0\xd7\x4e\0\0\0\0\0\0\0\0\0\0\0\0\0\0\x08\0\0\0\0\0\0\0\0\0\0\0\
\0\0\0\0\xd5\x02\0\0\x01\0\0\0\0\0\0\0\0\0\0\0\0\0\0\0\0\0\0\0\x50\x8d\0\0\0\0\
\0\0\x5c\x18\0\0\0\0\0\0\0\0\0\0\0\0\0\0\x08\0\0\0\0\0\0\0\0\0\0\0\0\0\0\0";

	*sz = sizeof(data) - 1;
	return (const void *)data;
}

#ifdef __cplusplus
struct file_monitor_bpf *file_monitor_bpf::open(const struct bpf_object_open_opts *opts) { return file_monitor_bpf__open_opts(opts); }
struct file_monitor_bpf *file_monitor_bpf::open_and_load() { return file_monitor_bpf__open_and_load(); }
int file_monitor_bpf::load(struct file_monitor_bpf *skel) { return file_monitor_bpf__load(skel); }
int file_monitor_bpf::attach(struct file_monitor_bpf *skel) { return file_monitor_bpf__attach(skel); }
void file_monitor_bpf::detach(struct file_monitor_bpf *skel) { file_monitor_bpf__detach(skel); }
void file_monitor_bpf::destroy(struct file_monitor_bpf *skel) { file_monitor_bpf__destroy(skel); }
const void *file_monitor_bpf::elf_bytes(size_t *sz) { return file_monitor_bpf__elf_bytes(sz); }
#endif /* __cplusplus */

__attribute__((unused)) static void
file_monitor_bpf__assert(struct file_monitor_bpf *s __attribute__((unused)))
{
#ifdef __cplusplus
#define _Static_assert static_assert
#endif
	_Static_assert(sizeof(s->rodata->target_inode) == 8, "unexpected size of 'target_inode'");
#ifdef __cplusplus
#undef _Static_assert
#endif
}

#endif /* __FILE_MONITOR_BPF_SKEL_H__ */
